"problem","title","boj_code_file","tag_code_file","study_group","reason","official_tags","original_code_file"
"1003","피보나치 함수","1003_dp.cpp","1003.cpp","01_DP/dp","code+official:dp","dp","1003.cpp"
"1004","어린 왕자","1004_geometry.cpp","1004.cpp","04_GEOMETRY/geometry","official:geometry","math;geometry","1004.cpp"
"1005","ACM Craft","1005_topological_sort.cpp","1005.cpp","02_GRAPH/topological_sort","filename:topological","dp;graphs;dag;topological_sorting","1005_topological.cpp"
"1009","분산처리","1009_math.cpp","1009.cpp","07_MATH/math","official:math","math;implementation","1009.cpp"
"1010","다리 놓기","1010_dp.cpp","1010.cpp","01_DP/dp","code+official:dp","math;dp;combinatorics","1010.cpp"
"1012","유기농 배추","1012_dfs.cpp","1012.cpp","02_GRAPH/dfs","code+official:dfs","graphs;graph_traversal;bfs;dfs;grid_graph;flood_fill","1012.cpp"
"1016","제곱 ㄴㄴ 수","1016_number_theory.cpp","1016.cpp","07_MATH/number_theory","filename:prime","math;number_theory;primality_test;sieve","1016_prime.cpp"
"1017","소수 쌍","1017_bipartite_matching.cpp","1017.cpp","02_GRAPH/bipartite_matching","code-audit:1017_prime.cpp","math;number_theory;primality_test;sieve;bipartite_matching","1017_prime.cpp"
"1019","책 페이지","1019_math.cpp","1019.cpp","07_MATH/math","official:math","math;implementation","1019.cpp"
"1023","괄호 문자열","1023_dp.cpp","1023.cpp","01_DP/dp","code+official:dp","math;dp;combinatorics","1023.cpp"
"1037","약수","1037_number_theory.cpp","1037.cpp","07_MATH/number_theory","official:number_theory","math;number_theory","1037.cpp"
"1043","거짓말","1043_union_find.cpp","1043.cpp","02_GRAPH/union_find","filename:unionfind","data_structures;graphs;graph_traversal;disjoint_set","1043_unionfind.cpp"
"1052","물병","1052_bitmask.cpp","1052.cpp","08_TECHNIQUE/bitmask","filename:bit","math;greedy;bitmask","1052_bit.cpp"
"1068","트리","1068_dfs.cpp","1068.cpp","02_GRAPH/dfs","code+official:dfs","graphs;graph_traversal;trees;dfs","1068.cpp"
"1072","게임","1072_binary_search.cpp","1072.cpp","05_SEARCH/binary_search","official:binary_search","math;binary_search","1072.cpp"
"1075","나누기","1075_bruteforce.cpp","1075.cpp","05_SEARCH/bruteforce","official:bruteforcing","math;bruteforcing","1075.cpp"
"1076","저항","1076_implementation.cpp","1076.cpp","10_IMPLEMENTATION/implementation","official:implementation","implementation","1076.cpp"
"1092","배","1092_greedy.cpp","1092.cpp","09_PARADIGM/greedy","official:greedy","greedy;sorting","1092.cpp"
"1094","막대기","1094_bitmask.cpp","1094.cpp","08_TECHNIQUE/bitmask","filename:bitm","math;bitmask","1094_bitm.cpp"
"1100","하얀 칸","1100_string.cpp","1100.cpp","06_STRING/string","official:string","implementation;string","1100.cpp"
"1106","호텔","1106_knapsack.cpp","1106.cpp","01_DP/knapsack","code-audit:1106_dp.cpp","dp;knapsack","1106_dp.cpp"
"1141","접두사","1141_greedy.cpp","1141.cpp","09_PARADIGM/greedy","official:greedy","greedy;string;sorting","1141.cpp"
"1149","RGB거리","1149_dp.cpp","1149.cpp","01_DP/dp","code+official:dp","dp","1149.cpp"
"1152","단어의 개수","1152_string.cpp","1152.cpp","06_STRING/string","official:string","implementation;string","1152.cpp"
"1159","농구 경기","1159_implementation.cpp","1159.cpp","10_IMPLEMENTATION/implementation","filename:arr_eaxmple","implementation;string","1159_arr_eaxmple.cpp"
"1168","요세푸스 문제 2","1168_segment_tree.cpp","1168.cpp","03_DATA_STRUCTURE/segment_tree","official:segment_tree","data_structures;segtree","1168.cpp"
"1182","부분수열의 합","1182_backtracking.cpp","1182.cpp","05_SEARCH/backtracking","official:backtracking","bruteforcing;backtracking","1182.cpp"
"1185","유럽여행","1185_mst.cpp","1185.cpp","02_GRAPH/mst","official:mst (DSU is subordinate)","graphs;mst","1185.cpp"
"1188","음식 평론가","1188_number_theory.cpp","1188.cpp","07_MATH/number_theory","filename:gcd","math;number_theory;euclidean","1188_GCD.cpp"
"1193","분수찾기","1193_math.cpp","1193.cpp","07_MATH/math","official:math","math;implementation","1193.cpp"
"1212","8진수 2진수","1212_string.cpp","1212.cpp","06_STRING/string","official:string","math;implementation;string","1212.cpp"
"1238","파티","1238_dijkstra.cpp","1238.cpp","02_GRAPH/dijkstra","filename:dijkstra","graphs;shortest_path;dijkstra","1238_dijkstra.cpp"
"1240","노드사이의 거리","1240_dfs.cpp","1240.cpp","02_GRAPH/dfs","filename:dfs","graphs;graph_traversal;trees;bfs;dfs","1240_dfs.cpp"
"1254","팰린드롬 만들기","1254_string.cpp","1254.cpp","06_STRING/string","filename:plin","string;bruteforcing","1254_Plin.cpp"
"1259","팰린드롬수","1259_string.cpp","1259.cpp","06_STRING/string","official:string","implementation;string","1259.cpp"
"1260","DFS와 BFS","1260_bfs_dfs.cpp","1260.cpp","02_GRAPH/bfs","filename:dfs_bfs","graphs;graph_traversal;bfs;dfs","1260_dfs_bfs.cpp"
"1260","DFS와 BFS","1260_bfs_dfs.cpp","1260.cpp","02_GRAPH/dfs","filename:dfs_bfs","graphs;graph_traversal;bfs;dfs","1260_dfs_bfs.cpp"
"1261","알고스팟","1261_zero_one_bfs.cpp","1261.cpp","02_GRAPH/zero_one_bfs","filename:01bfs","graphs;graph_traversal;shortest_path;dijkstra;grid_graph;0_1_bfs","1261_01bfs.cpp"
"1264","모음의 개수","1264_string.cpp","1264.cpp","06_STRING/string","official:string","implementation;string","1264.cpp"
"1275","커피숍2","1275_segment_tree.cpp","1275.cpp","03_DATA_STRUCTURE/segment_tree","filename:segtree","segtree;data_structures","1275_segtree.cpp"
"1280","나무 심기","1280_segment_tree.cpp","1280.cpp","03_DATA_STRUCTURE/segment_tree","official:segment_tree","data_structures;segtree","1280.cpp"
"1284","집 주소","1284_math.cpp","1284.cpp","07_MATH/math","official:arithmetic","math;implementation;arithmetic","1284.cpp"
"1292","쉽게 푸는 문제","1292_math.cpp","1292.cpp","07_MATH/math","official:math","math;implementation","1292.cpp"
"1300","K번째 수","1300_binary_search.cpp","1300.cpp","05_SEARCH/binary_search","filename:binarysearch","binary_search;parametric_search","1300_binarysearch.cpp"
"1306","달려라 홍준","1306_segment_tree.cpp","1306.cpp","03_DATA_STRUCTURE/segment_tree","filename:segtree","data_structures;segtree;sliding_window","1306_segtree.cpp"
"1309","동물원","1309_dp.cpp","1309.cpp","01_DP/dp","filename:dp","dp","1309_dp.cpp"
"1316","그룹 단어 체커","1316_string.cpp","1316.cpp","06_STRING/string","filename:string","implementation;string","1316_String.cpp"
"1321","군인","1321_segment_tree.cpp","1321.cpp","03_DATA_STRUCTURE/segment_tree","official:segment_tree","data_structures;segtree;binary_search","1321.cpp"
"1333","부재중 전화","1333_simulation.cpp","1333.cpp","10_IMPLEMENTATION/simulation","official:simulation","implementation;simulation","1333.cpp"
"1343","폴리오미노","1343_greedy.cpp","1343.cpp","09_PARADIGM/greedy","official:greedy","implementation;greedy;string","1343.cpp"
"1368","물대기","1368_mst.cpp","1368.cpp","02_GRAPH/mst","official:mst (DSU is subordinate)","graphs;mst","1368.cpp"
"1371","가장 많은 글자","1371_string.cpp","1371.cpp","06_STRING/string","official:string","implementation;string","1371.cpp"
"1388","바닥 장식","1388_dfs.cpp","1388.cpp","02_GRAPH/dfs","filename:dfs","implementation;graphs;graph_traversal;grid_graph","1388_dfs.cpp"
"1395","스위치","1395_segment_tree.cpp","1395.cpp","03_DATA_STRUCTURE/segment_tree","filename:lazy_segtree","data_structures;segtree;lazyprop","1395_lazy_segtree.cpp"
"1406","에디터","1406_linked_list.cpp","1406.cpp","03_DATA_STRUCTURE/linked_list","filename:linked_list","data_structures;stack;linked_list","1406_linked_list.cpp"
"1427","소트인사이드","1427_sorting.cpp","1427.cpp","08_TECHNIQUE/sorting","official:sorting","string;sorting","1427.cpp"
"1463","1로 만들기","1463_dp.cpp","1463.cpp","01_DP/dp","code+official:dp","dp","1463.cpp"
"1464","뒤집기 3","1464_greedy.cpp","1464.cpp","09_PARADIGM/greedy","code-audit:1464_deque.cpp","data_structures;greedy;deque","1464_deque.cpp"
"1475","방 번호","1475_implementation.cpp","1475.cpp","10_IMPLEMENTATION/implementation","official:implementation","implementation","1475.cpp"
"1504","특정한 최단 경로","1504_dijkstra.cpp","1504.cpp","02_GRAPH/dijkstra","filename:dijkstra","graphs;shortest_path;dijkstra","1504_dijkstra.cpp"
"1506","경찰서","1506_scc.cpp","1506.cpp","02_GRAPH/scc","filename:scc","graphs;scc","1506_SCC.cpp"
"1535","안녕","1535_knapsack.cpp","1535.cpp","01_DP/knapsack","official:knapsack","dp;bruteforcing;knapsack","1535.cpp"
"1541","잃어버린 괄호","1541_greedy.cpp","1541.cpp","09_PARADIGM/greedy","filename:greedy","math;greedy;string;parsing","1541_greedy.cpp"
"1550","16진수","1550_math.cpp","1550.cpp","07_MATH/math","official:math","math;implementation","1550.cpp"
"1598","꼬리를 무는 숫자 나열","1598_math.cpp","1598.cpp","07_MATH/math","official:arithmetic","math;arithmetic","1598.cpp"
"1615","교차개수세기","1615_inversion_counting.cpp","1615.cpp","08_TECHNIQUE/inversion_counting","filename:counting_inverse","data_structures;sorting;segtree","1615_counting_inverse.cpp"
"1620","나는야 포켓몬 마스터 이다솜","1620_set_map.cpp","1620.cpp","03_DATA_STRUCTURE/set_map","official:hash_set","data_structures;set;hash_set","1620.cpp"
"1629","곱셈","1629_fast_exponentiation.cpp","1629.cpp","07_MATH/fast_exponentiation","official:exponentiation_by_squaring","math;exponentiation_by_squaring","1629.cpp"
"1654","랜선 자르기","1654_binary_search.cpp","1654.cpp","05_SEARCH/binary_search","official:parametric_search","binary_search;parametric_search","1654.cpp"
"1668","트로피 진열","1668_implementation.cpp","1668.cpp","10_IMPLEMENTATION/implementation","official:implementation","implementation","1668.cpp"
"1676","팩토리얼 0의 개수","1676_math.cpp","1676.cpp","07_MATH/math","official:math","math","1676.cpp"
"1689","겹치는 선분","1689_sweeping.cpp","1689.cpp","08_TECHNIQUE/sweeping","official:sweeping","greedy;sorting;sweeping","1689.cpp"
"1690","순열","1690_math.cpp","1690.cpp","07_MATH/math","official:math","math;constructive;parity;permutation_cycle_decomposition","1690.cpp"
"1695","팰린드롬 만들기","1695_dp.cpp","1695.cpp","01_DP/dp","code+official:dp","dp","1695.cpp"
"1697","숨바꼭질","1697_bfs.cpp","1697.cpp","02_GRAPH/bfs","filename:bfs","graphs;graph_traversal;bfs","1697_bfs.cpp"
"1708","볼록 껍질","1708_convex_hull.cpp","1708.cpp","04_GEOMETRY/convex_hull","filename:convexhull","geometry;convex_hull;angle_sorting","1708_CONVEXHULL.cpp"
"1715","카드 정렬하기","1715_greedy.cpp","1715.cpp","09_PARADIGM/greedy","code-audit:1715_pq.cpp","data_structures;greedy;priority_queue","1715_pq.cpp"
"1725","히스토그램","1725_segment_tree.cpp","1725.cpp","03_DATA_STRUCTURE/segment_tree","filename:seg_sep","data_structures;segtree;divide_and_conquer;stack","1725_seg_sep.cpp"
"1753","최단경로","1753_dijkstra.cpp","1753.cpp","02_GRAPH/dijkstra","filename:dijkstra","graphs;shortest_path;dijkstra","1753_dijkstra.cpp"
"1757","달려달려","1757_dp.cpp","1757.cpp","01_DP/dp","filename:dp","dp","1757_dp.cpp"
"1758","알바생 강호","1758_greedy.cpp","1758.cpp","09_PARADIGM/greedy","official:greedy","greedy;sorting","1758.cpp"
"1764","듣보잡","1764_set_map.cpp","1764.cpp","03_DATA_STRUCTURE/set_map","official:hash_set","data_structures;string;sorting;set;hash_set","1764.cpp"
"1890","점프","1890_dp.cpp","1890.cpp","01_DP/dp","filename:dp","dp","1890_dp.cpp"
"1900","레슬러","1900_greedy.cpp","1900.cpp","09_PARADIGM/greedy","official:greedy","greedy;sorting","1900.cpp"
"1904","01타일","1904_dp.cpp","1904.cpp","01_DP/dp","code+official:dp","dp","1904.cpp"
"1911","흙길 보수하기","1911_sweeping.cpp","1911.cpp","08_TECHNIQUE/sweeping","official:sweeping","greedy;sorting;sweeping","1911.cpp"
"1916","최소비용 구하기","1916_dijkstra.cpp","1916.cpp","02_GRAPH/dijkstra","filename:dijkstra","graphs;shortest_path;dijkstra","1916_dijkstra.cpp"
"1918","후위 표기식","1918_stack.cpp","1918.cpp","03_DATA_STRUCTURE/stack","filename:infix_postfix","data_structures;stack","1918_infix_postfix.cpp"
"1919","애너그램 만들기","1919_string.cpp","1919.cpp","06_STRING/string","filename:string","implementation;string;set","1919_string.cpp"
"1922","네트워크 연결","1922_mst.cpp","1922.cpp","02_GRAPH/mst","official:mst (DSU is subordinate)","graphs;mst","1922.cpp"
"1927","최소 힙","1927_priority_queue.cpp","1927.cpp","03_DATA_STRUCTURE/priority_queue","official:priority_queue","data_structures;priority_queue","1927.cpp"
"1931","회의실 배정","1931_greedy.cpp","1931.cpp","09_PARADIGM/greedy","official:greedy","greedy;sorting","1931.cpp"
"1932","정수 삼각형","1932_dp.cpp","1932.cpp","01_DP/dp","filename:dp","dp","1932_dp.cpp"
"1958","LCS 3","1958_lcs.cpp","1958.cpp","01_DP/lcs","filename:lcs","dp;string;lcs","1958_LCS.cpp"
"1965","상자넣기","1965_lis.cpp","1965.cpp","01_DP/lis","filename:lis_dp","dp;lis","1965_lis_dp.cpp"
"1977","완전제곱수","1977_bruteforce.cpp","1977.cpp","05_SEARCH/bruteforce","official:bruteforcing","math;implementation;bruteforcing","1977.cpp"
"1985","디지털 친구","1985_bruteforce.cpp","1985.cpp","05_SEARCH/bruteforce","official:bruteforcing","string;bruteforcing","!1985.cpp"
"1987","알파벳","1987_backtracking.cpp","1987.cpp","05_SEARCH/backtracking","filename:back_tracking","graphs;graph_traversal;dfs;backtracking;grid_graph","1987_back_tracking.cpp"
"1989","부분배열 고르기 2","1989_monotone_stack_prefix_sum.cpp","1989.cpp","03_DATA_STRUCTURE/monotone_stack","code-audit:1989_array.cpp","data_structures;segtree;prefix_sum;divide_and_conquer;stack","1989_array.cpp"
"1989","부분배열 고르기 2","1989_monotone_stack_prefix_sum.cpp","1989.cpp","08_TECHNIQUE/prefix_sum","code-audit:1989_array.cpp","data_structures;segtree;prefix_sum;divide_and_conquer;stack","1989_array.cpp"
"1992","쿼드트리","1992_divide_and_conquer.cpp","1992.cpp","09_PARADIGM/divide_and_conquer","filename:divide","divide_and_conquer;recursion","1992_divide.cpp"
"2002","추월","2002_set_map.cpp","2002.cpp","03_DATA_STRUCTURE/set_map","official:hash_set","implementation;data_structures;string;set;hash_set","2002.cpp"
"2003","수들의 합 2","2003_two_pointer.cpp","2003.cpp","05_SEARCH/two_pointer","filename:two_pointer","bruteforcing;prefix_sum;two_pointer","2003_two_pointer.cpp"
"2010","플러그","2010_math.cpp","2010.cpp","07_MATH/math","official:arithmetic","math;arithmetic","2010.cpp"
"2036","수열의 점수","2036_greedy.cpp","2036.cpp","09_PARADIGM/greedy","filename:greedy","greedy;sorting","2036_greedy.cpp"
"2042","구간 합 구하기","2042_segment_tree.cpp","2042.cpp","03_DATA_STRUCTURE/segment_tree","filename:seg","segtree;data_structures","2042_seg.cpp"
"2061","좋은 암호","2061_bruteforce.cpp","2061.cpp","05_SEARCH/bruteforce","official:bruteforcing","math;bruteforcing;arbitrary_precision","2061.cpp"
"2065","나룻배","2065_queue.cpp","2065.cpp","03_DATA_STRUCTURE/queue","filename:queue","implementation;data_structures;simulation;queue","2065_queue.cpp"
"2083","럭비 클럽","2083_implementation.cpp","2083.cpp","10_IMPLEMENTATION/implementation","official:implementation","implementation","2083.cpp"
"2098","외판원 순회","2098_tsp.cpp","2098.cpp","01_DP/tsp","filename:tsp","bitmask;dp;dp_bitfield;tsp","2098_TSP.cpp"
"2104","부분배열 고르기","2104_stack.cpp","2104.cpp","03_DATA_STRUCTURE/stack","filename:stack","data_structures;segtree;divide_and_conquer;stack","2104_stack.cpp"
"2110","공유기 설치","2110_binary_search.cpp","2110.cpp","05_SEARCH/binary_search","filename:binary_serch","binary_search;parametric_search","2110_binary_serch.cpp"
"2150","Strongly Connected Component","2150_scc.cpp","2150.cpp","02_GRAPH/scc","filename:scc","graphs;scc","2150_SCC.cpp"
"2156","포도주 시식","2156_dp.cpp","2156.cpp","01_DP/dp","filename:dp_defualt","dp","2156_dp_defualt.cpp"
"2162","선분 그룹","2162_line_intersection.cpp","2162.cpp","04_GEOMETRY/line_intersection","filename:ccw3","data_structures;geometry;disjoint_set;line_intersection","2162_ccw3.cpp"
"2167","2차원 배열의 합","2167_prefix_sum.cpp","2167.cpp","08_TECHNIQUE/prefix_sum","filename:prefix_sum","implementation;prefix_sum","2167_prefix_sum.cpp"
"2170","선 긋기","2170_sweeping.cpp","2170.cpp","08_TECHNIQUE/sweeping","official:sweeping","sorting;sweeping","2170.cpp"
"2178","미로 탐색","2178_bfs.cpp","2178.cpp","02_GRAPH/bfs","filename:bfs","graphs;graph_traversal;bfs;grid_graph","2178_bfs.cpp"
"2193","이친수","2193_dp.cpp","2193.cpp","01_DP/dp","filename:dp","dp","2193_dp.cpp"
"2212","센서","2212_greedy.cpp","2212.cpp","09_PARADIGM/greedy","filename:greedy","greedy;sorting","2212_greedy.cpp"
"2217","로프","2217_greedy.cpp","2217.cpp","09_PARADIGM/greedy","filename:greedy","math;greedy;sorting","2217_greedy.cpp"
"2231","분해합","2231_bruteforce.cpp","2231.cpp","05_SEARCH/bruteforce","official:bruteforcing","bruteforcing","2231.cpp"
"2243","사탕상자","2243_binary_search_segment_tree.cpp","2243.cpp","03_DATA_STRUCTURE/segment_tree","filename:seg_bin","binary_search;segtree;data_structures","2243_seg_bin.cpp"
"2243","사탕상자","2243_binary_search_segment_tree.cpp","2243.cpp","05_SEARCH/binary_search","filename:seg_bin","binary_search;segtree;data_structures","2243_seg_bin.cpp"
"2268","수들의 합 7","2268_segment_tree.cpp","2268.cpp","03_DATA_STRUCTURE/segment_tree","filename:segtree","segtree;data_structures","2268_segtree.cpp"
"2293","동전 1","2293_dp.cpp","2293.cpp","01_DP/dp","filename:dp","dp","2293_dp.cpp"
"2309","일곱 난쟁이","2309_bruteforce.cpp","2309.cpp","05_SEARCH/bruteforce","official:bruteforcing","bruteforcing;sorting","2309.cpp"
"2357","최솟값과 최댓값","2357_segment_tree.cpp","2357.cpp","03_DATA_STRUCTURE/segment_tree","filename:seg_defa","segtree;data_structures","2357_seg_defa.cpp"
"2407","조합","2407_big_integer.cpp","2407.cpp","07_MATH/big_integer","filename:big_number_sum_dp","math;combinatorics;arbitrary_precision","2407_big_number_sum_dp.cpp"
"2410","2의 멱수의 합","2410_dp.cpp","2410.cpp","01_DP/dp","filename:dp","dp","2410_dp.cpp"
"2420","사파리월드","2420_math.cpp","2420.cpp","07_MATH/math","official:arithmetic","implementation;arithmetic;math","2420.cpp"
"2422","한윤정이 이탈리아에 가서 아이스크림을 사먹는데","2422_bruteforce.cpp","2422.cpp","05_SEARCH/bruteforce","official:bruteforcing","bruteforcing","2422.cpp"
"2435","기상청 인턴 신현수","2435_prefix_sum.cpp","2435.cpp","08_TECHNIQUE/prefix_sum","official:prefix_sum","implementation;bruteforcing;prefix_sum","2435.cpp"
"2441","별 찍기 - 4","2441_implementation.cpp","2441.cpp","10_IMPLEMENTATION/implementation","official:implementation","implementation","2441.cpp"
"2442","별 찍기 - 5","2442_implementation.cpp","2442.cpp","10_IMPLEMENTATION/implementation","official:implementation","implementation","2442.cpp"
"2443","별 찍기 - 6","2443_implementation.cpp","2443.cpp","10_IMPLEMENTATION/implementation","official:implementation","implementation","2443.cpp"
"2455","지능형 기차","2455_math.cpp","2455.cpp","07_MATH/math","official:arithmetic","math;implementation;arithmetic","2455.cpp"
"2458","키 순서","2458_floyd_warshall.cpp","2458.cpp","02_GRAPH/floyd_warshall","official:floyd_warshall","graphs;graph_traversal;shortest_path;dfs;floyd_warshall","2458.cpp"
"2460","지능형 기차 2","2460_math.cpp","2460.cpp","07_MATH/math","official:arithmetic","math;implementation;arithmetic","2460.cpp"
"2468","안전 영역","2468_dfs.cpp","2468.cpp","02_GRAPH/dfs","filename:dfs","graphs;bruteforcing;graph_traversal;bfs;dfs;grid_graph","2468_dfs.cpp"
"2475","검증수","2475_math.cpp","2475.cpp","07_MATH/math","official:arithmetic","implementation;arithmetic;math","2475.cpp"
"2476","주사위 게임","2476_math.cpp","2476.cpp","07_MATH/math","official:arithmetic","math;implementation;arithmetic","2476.cpp"
"2490","윷놀이","2490_implementation.cpp","2490.cpp","10_IMPLEMENTATION/implementation","official:implementation","implementation","2490.cpp"
"2493","탑","2493_stack.cpp","2493.cpp","03_DATA_STRUCTURE/stack","filename:stack","data_structures;stack","2493_stack.cpp"
"2506","점수계산","2506_math.cpp","2506.cpp","07_MATH/math","official:arithmetic","math;implementation;arithmetic","2506.cpp"
"2517","달리기","2517_inversion_counting.cpp","2517.cpp","08_TECHNIQUE/inversion_counting","filename:counting_inverse","data_structures;segtree;coordinate_compression","2517_counting_inverse.cpp"
"2522","별 찍기 - 12","2522_implementation.cpp","2522.cpp","10_IMPLEMENTATION/implementation","official:implementation","implementation","2522.cpp"
"2523","별 찍기 - 13","2523_implementation.cpp","2523.cpp","10_IMPLEMENTATION/implementation","official:implementation","implementation","2523.cpp"
"2530","인공지능 시계","2530_math.cpp","2530.cpp","07_MATH/math","official:arithmetic","math;arithmetic","2530.cpp"
"2535","아시아 정보올림피아드","2535_sorting.cpp","2535.cpp","08_TECHNIQUE/sorting","official:sorting","implementation;sorting","2535.cpp"
"2553","마지막 팩토리얼 수","2553_number_theory.cpp","2553.cpp","07_MATH/number_theory","official:number_theory","math;number_theory","2553.cpp"
"2562","최댓값","2562_implementation.cpp","2562.cpp","10_IMPLEMENTATION/implementation","filename:pair","implementation","2562_pair.cpp"
"2565","전깃줄","2565_lis.cpp","2565.cpp","01_DP/lis","code-audit:2565_NlogN.cpp","dp","2565_NlogN.cpp"
"2565","전깃줄","2565_lis_variant2.cpp","2565_variant2.cpp","01_DP/lis","filename:nn_lis","dp","2565_NN_LIS.cpp"
"2566","최댓값","2566_implementation.cpp","2566.cpp","10_IMPLEMENTATION/implementation","official:implementation","implementation","2566.cpp"
"2568","전깃줄 - 2","2568_lis.cpp","2568.cpp","01_DP/lis","filename:nlogn_lis","traceback;lis","!2568_NlogN_LIS.cpp"
"2576","홀수","2576_math.cpp","2576.cpp","07_MATH/math","official:math","math;implementation","2576.cpp"
"2579","계단 오르기","2579_dp.cpp","2579.cpp","01_DP/dp","code+official:dp","dp","2579.cpp"
"2586","소방차","2586_dp.cpp","2586.cpp","01_DP/dp","official:dp","dp;greedy","2586.cpp"
"2589","보물섬","2589_bfs.cpp","2589.cpp","02_GRAPH/bfs","code+official:bfs","graphs;bruteforcing;graph_traversal;bfs","2589.cpp"
"2606","바이러스","2606_dfs.cpp","2606.cpp","02_GRAPH/dfs","code+official:dfs","graphs;graph_traversal;bfs;dfs","2606.cpp"
"2630","색종이 만들기","2630_divide_and_conquer.cpp","2630.cpp","09_PARADIGM/divide_and_conquer","official:divide_and_conquer","divide_and_conquer;recursion","2630.cpp"
"2644","촌수계산","2644_tree.cpp","2644.cpp","02_GRAPH/tree","filename:tree","graphs;graph_traversal;bfs;dfs","!edge2644_tree.cpp"
"2667","단지번호붙이기","2667_dfs.cpp","2667.cpp","02_GRAPH/dfs","filename:dfs","graphs;graph_traversal;bfs;dfs;grid_graph;flood_fill","2667_dfs.cpp"
"2669","직사각형 네개의 합집합의 면적 구하기","2669_implementation.cpp","2669.cpp","10_IMPLEMENTATION/implementation","filename:array","implementation","2669_array.cpp"
"2684","동전 게임","2684_string.cpp","2684.cpp","06_STRING/string","official:string","implementation;string","2684.cpp"
"2699","격자점 컨벡스헐","2699_convex_hull.cpp","2699.cpp","04_GEOMETRY/convex_hull","filename:convexhull","geometry;convex_hull","2699_convexhull.cpp"
"2720","세탁소 사장 동혁","2720_greedy.cpp","2720.cpp","09_PARADIGM/greedy","official:greedy","math;greedy;arithmetic","2720.cpp"
"2721","삼각수의 합","2721_math.cpp","2721.cpp","07_MATH/math","official:math","math;implementation","2721.cpp"
"2745","진법 변환","2745_string.cpp","2745.cpp","06_STRING/string","official:string","implementation;string;math","2745.cpp"
"2747","피보나치 수","2747_dp.cpp","2747.cpp","01_DP/dp","code-audit:2747_fibo_serise.cpp","math;implementation;dp","2747_fibo_serise.cpp"
"2749","피보나치 수 3","2749_fast_exponentiation.cpp","2749.cpp","07_MATH/fast_exponentiation","filename:exponentiation_by_squaring","math;exponentiation_by_squaring;pisano","2749_exponentiation_by_squaring.cpp"
"2754","학점계산","2754_string.cpp","2754.cpp","06_STRING/string","official:string","implementation;string","2754.cpp"
"2775","부녀회장이 될테야","2775_dp.cpp","2775.cpp","01_DP/dp","code+official:dp","math;implementation;dp","2775.cpp"
"2776","암기왕","2776_set_map.cpp","2776.cpp","03_DATA_STRUCTURE/set_map","official:hash_set","data_structures;sorting;binary_search;set;hash_set","2776.cpp"
"2804","크로스워드 만들기","2804_string.cpp","2804.cpp","06_STRING/string","official:string","implementation;string","2804.cpp"
"2805","나무 자르기","2805_binary_search.cpp","2805.cpp","05_SEARCH/binary_search","official:parametric_search","binary_search;parametric_search","2805.cpp"
"2822","점수 계산","2822_sorting.cpp","2822.cpp","08_TECHNIQUE/sorting","filename:sort","sorting","2822_sort.cpp"
"2844","자료 구조","2844_splay_tree.cpp","2844.cpp","03_DATA_STRUCTURE/splay_tree","filename:splay","trees;splay_tree","2844_splay.cpp"
"2845","파티가 끝나고 난 뒤","2845_math.cpp","2845.cpp","07_MATH/math","official:arithmetic","implementation;arithmetic;math","2845.cpp"
"2849","탭댄스","2849_segment_tree.cpp","2849.cpp","03_DATA_STRUCTURE/segment_tree","filename:goldseg","data_structures;segtree;set","2849_goldseg.cpp"
"2864","5와 6의 차이","2864_greedy.cpp","2864.cpp","09_PARADIGM/greedy","official:greedy","math;greedy;string;arithmetic","2864.cpp"
"2869","달팽이는 올라가고 싶다","2869_math.cpp","2869.cpp","07_MATH/math","official:math","math","2869.cpp"
"2875","대회 or 인턴","2875_math.cpp","2875.cpp","07_MATH/math","official:arithmetic","math;implementation;arithmetic","2875.cpp"
"2884","알람 시계","2884_math.cpp","2884.cpp","07_MATH/math","official:arithmetic","math;arithmetic","2884.cpp"
"2887","행성 터널","2887_mst.cpp","2887.cpp","02_GRAPH/mst","official:mst (DSU is subordinate)","graphs;sorting;mst","2887.cpp"
"2903","중앙 이동 알고리즘","2903_math.cpp","2903.cpp","07_MATH/math","official:math","math","2903.cpp"
"2908","상수","2908_math.cpp","2908.cpp","07_MATH/math","official:math","math;implementation","2908.cpp"
"2914","저작권","2914_math.cpp","2914.cpp","07_MATH/math","official:arithmetic","implementation;arithmetic;math","2914.cpp"
"2920","음계","2920_implementation.cpp","2920.cpp","10_IMPLEMENTATION/implementation","official:implementation","implementation","2920.cpp"
"2953","나는 요리사다","2953_math.cpp","2953.cpp","07_MATH/math","official:arithmetic","math;implementation;arithmetic","2953.cpp"
"3040","백설 공주와 일곱 난쟁이","3040_bruteforce.cpp","3040.cpp","05_SEARCH/bruteforce","official:bruteforcing","bruteforcing","3040.cpp"
"3046","R2","3046_math.cpp","3046.cpp","07_MATH/math","official:arithmetic","implementation;arithmetic;math","3046.cpp"
"3052","나머지","3052_set_map.cpp","3052.cpp","03_DATA_STRUCTURE/set_map","official:set","math;set;arithmetic","3052.cpp"
"3058","짝수를 찾아라","3058_math.cpp","3058.cpp","07_MATH/math","official:arithmetic","math;implementation;arithmetic","3058.cpp"
"3067","Coins","3067_knapsack.cpp","3067.cpp","01_DP/knapsack","filename:dp_knapsack","dp;knapsack","3067_dp_knapsack.cpp"
"3076","상근이의 체스판","3076_string.cpp","3076.cpp","06_STRING/string","official:string","implementation;string","3076.cpp"
"3151","합이 0","3151_binary_search.cpp","3151.cpp","05_SEARCH/binary_search","official:binary_search","bruteforcing;sorting;binary_search;two_pointer","3151.cpp"
"3190","뱀","3190_deque.cpp","3190.cpp","03_DATA_STRUCTURE/deque","official:deque","implementation;data_structures;simulation;deque;queue","3190.cpp"
"3273","두 수의 합","3273_two_pointer.cpp","3273.cpp","05_SEARCH/two_pointer","filename:twopointer_top_back","sorting;two_pointer","3273_twopointer_top_back.cpp"
"3323","삼각형","3323_convex_hull_segment_tree.cpp","3323.cpp","03_DATA_STRUCTURE/segment_tree","filename:cvhseg","convex_hull;data_structures;geometry;segtree","3323_cvhseg.cpp"
"3323","삼각형","3323_convex_hull_segment_tree.cpp","3323.cpp","04_GEOMETRY/convex_hull","filename:cvhseg","convex_hull;data_structures;geometry;segtree","3323_cvhseg.cpp"
"3460","이진수","3460_bitmask.cpp","3460.cpp","08_TECHNIQUE/bitmask","filename:bit","math;implementation","3460_bit.cpp"
"3584","가장 가까운 공통 조상","3584_lca.cpp","3584.cpp","02_GRAPH/lca","filename:lca_mini","graphs;graph_traversal;trees;dfs;lca","3584_lca_mini.cpp"
"3648","아이돌","3648_two_sat.cpp","3648.cpp","02_GRAPH/two_sat","filename:2sat","graphs;scc;2_sat","3648_2sat.cpp"
"3653","영화 수집","3653_segment_tree.cpp","3653.cpp","03_DATA_STRUCTURE/segment_tree","filename:segtree","data_structures;segtree","3653_segtree.cpp"
"3679","단순 다각형","3679_convex_hull.cpp","3679.cpp","04_GEOMETRY/convex_hull","filename:convex","sorting;geometry;convex_hull;angle_sorting","3679_convex.cpp"
"3980","선발 명단","3980_backtracking.cpp","3980.cpp","05_SEARCH/backtracking","filename:back_tracking","bruteforcing;backtracking","3980_back_Tracking.cpp"
"3986","좋은 단어","3986_stack.cpp","3986.cpp","03_DATA_STRUCTURE/stack","filename:string_stack","data_structures;stack","3986_string_stack.cpp"
"4101","크냐?","4101_implementation.cpp","4101.cpp","10_IMPLEMENTATION/implementation","official:implementation","implementation","4101.cpp"
"4153","직각삼각형","4153_geometry.cpp","4153.cpp","04_GEOMETRY/geometry","official:geometry","math;geometry;pythagoras","4153.cpp"
"4181","Convex Hull","4181_convex_hull.cpp","4181.cpp","04_GEOMETRY/convex_hull","filename:convex_hull","sorting;geometry;convex_hull;angle_sorting","4181_convex_hull.cpp"
"4196","도미노","4196_scc.cpp","4196.cpp","02_GRAPH/scc","filename:scc","graphs;dag;topological_sorting;scc","4196_SCC.cpp"
"4299","AFC 윔블던","4299_math.cpp","4299.cpp","07_MATH/math","official:arithmetic","math;arithmetic","4299.cpp"
"4358","생태학","4358_set_map.cpp","4358.cpp","03_DATA_STRUCTURE/set_map","filename:map","data_structures;string;set;hash_set;tree_set","4358_map.cpp"
"4386","별자리 만들기","4386_mst.cpp","4386.cpp","02_GRAPH/mst","official:mst (DSU is subordinate)","graphs;mst","4386.cpp"
"4458","첫 글자를 대문자로","4458_string.cpp","4458.cpp","06_STRING/string","official:string","implementation;string","4458.cpp"
"4470","줄번호","4470_string.cpp","4470.cpp","06_STRING/string","official:string","implementation;string","4470.cpp"
"4485","녹색 옷 입은 애가 젤다지?","4485_dijkstra.cpp","4485.cpp","02_GRAPH/dijkstra","filename:dijkstra","graphs;graph_traversal;shortest_path;dijkstra;grid_graph","4485_dijkstra.cpp"
"4659","비밀번호 발음하기","4659_string.cpp","4659.cpp","06_STRING/string","filename:string","implementation;string","4659_string.cpp"
"4673","셀프 넘버","4673_bruteforce.cpp","4673.cpp","05_SEARCH/bruteforce","official:bruteforcing","math;implementation;bruteforcing","4673.cpp"
"4792","레드 블루 스패닝 트리","4792_mst.cpp","4792.cpp","02_GRAPH/mst","official:mst (DSU is subordinate)","data_structures;graphs;disjoint_set;mst","4792.cpp"
"4828","XML","4828_regex.cpp","4828.cpp","06_STRING/regex","filename:regex","implementation;data_structures;string;parsing;stack;regex","4828_regex.cpp"
"4963","섬의 개수","4963_dfs.cpp","4963.cpp","02_GRAPH/dfs","filename:dfs","graphs;graph_traversal;bfs;dfs;grid_graph;flood_fill","4963_dfs.cpp"
"5014","스타트링크","5014_bfs.cpp","5014.cpp","02_GRAPH/bfs","filename:bfs","graphs;graph_traversal;bfs","5014_bfs.cpp"
"5073","삼각형과 세 변","5073_geometry.cpp","5073.cpp","04_GEOMETRY/geometry","official:geometry","math;implementation;geometry","5073.cpp"
"5430","AC","5430_deque.cpp","5430.cpp","03_DATA_STRUCTURE/deque","official:deque","deque;parsing;implementation;string;data_structures","5430.cpp"
"5525","IOIOI","5525_string.cpp","5525.cpp","06_STRING/string","official:string","string","5525.cpp"
"5557","1학년","5557_dp.cpp","5557.cpp","01_DP/dp","filename:dp","dp","5557_dp.cpp"
"5565","영수증","5565_math.cpp","5565.cpp","07_MATH/math","official:arithmetic","math;implementation;arithmetic","5565.cpp"
"5575","타임 카드","5575_math.cpp","5575.cpp","07_MATH/math","official:arithmetic","math;implementation;arithmetic","5575.cpp"
"5585","거스름돈","5585_greedy.cpp","5585.cpp","09_PARADIGM/greedy","official:greedy","greedy","5585.cpp"
"5596","시험 점수","5596_math.cpp","5596.cpp","07_MATH/math","official:arithmetic","math;implementation;arithmetic","5596.cpp"
"5676","음주 코딩","5676_segment_tree.cpp","5676.cpp","03_DATA_STRUCTURE/segment_tree","official:segment_tree","segtree;data_structures","5676.cpp"
"5972","택배 배송","5972_dijkstra.cpp","5972.cpp","02_GRAPH/dijkstra","code+official:dijkstra","graphs;shortest_path;dijkstra","5972.cpp"
"6068","시간 관리하기","6068_greedy.cpp","6068.cpp","09_PARADIGM/greedy","filename:greedy","greedy;sorting","6068_greedy.cpp"
"6194","Building the Moat","6194_convex_hull.cpp","6194.cpp","04_GEOMETRY/convex_hull","filename:convex_hull","geometry;convex_hull","6194_convex_hull.cpp"
"6198","옥상 정원 꾸미기","6198_monotone_stack.cpp","6198.cpp","03_DATA_STRUCTURE/monotone_stack","filename:stack_monotone","data_structures;stack","6198_stack_monotone.cpp"
"6213","Balanced Lineup","6213_segment_tree.cpp","6213.cpp","03_DATA_STRUCTURE/segment_tree","filename:segtree","data_structures;segtree","6213_segtree.cpp"
"6850","Cows","6850_convex_hull.cpp","6850.cpp","04_GEOMETRY/convex_hull","filename:convex_and_weight","geometry;convex_hull;polygon_area","6850_convex_and_weight.cpp"
"6962","Maple Roundup","6962_convex_hull.cpp","6962.cpp","04_GEOMETRY/convex_hull","filename:convex","geometry;convex_hull","6962_convex.cpp"
"7420","맹독 방벽","7420_convex_hull.cpp","7420.cpp","04_GEOMETRY/convex_hull","filename:convex","geometry;convex_hull","7420_convex.cpp"
"7469","K번째 수","7469_merge_sort_tree.cpp","7469.cpp","03_DATA_STRUCTURE/merge_sort_tree","filename:mergesort_tree","data_structures;sorting;segtree;binary_search;merge_sort_tree","7469_mergesort_tree.cpp"
"7562","나이트의 이동","7562_bfs.cpp","7562.cpp","02_GRAPH/bfs","filename:bfs","bfs;graphs;graph_traversal;shortest_path;grid_graph","7562_bfs.cpp"
"7567","그릇","7567_string.cpp","7567.cpp","06_STRING/string","filename:string","implementation;string","7567_string.cpp"
"7568","덩치","7568_bruteforce.cpp","7568.cpp","05_SEARCH/bruteforce","official:bruteforcing","implementation;bruteforcing","7568.cpp"
"7569","토마토","7569_bfs.cpp","7569.cpp","02_GRAPH/bfs","filename:bfs","bfs;graphs;graph_traversal;grid_graph;shortest_path","7569_bfs.cpp"
"7576","토마토","7576_bfs.cpp","7576.cpp","02_GRAPH/bfs","filename:bfs","bfs;graphs;graph_traversal;grid_graph;shortest_path","7576_bfs.cpp"
"7578","공장","7578_inversion_counting.cpp","7578.cpp","08_TECHNIQUE/inversion_counting","filename:counting_inversion","data_structures;segtree","7578_counting_inversion.cpp"
"7579","앱","7579_dp.cpp","7579.cpp","01_DP/dp","filename:dp","dp;knapsack","7579_dp.cpp"
"7595","Triangles","7595_implementation.cpp","7595.cpp","10_IMPLEMENTATION/implementation","official:implementation","implementation","7595.cpp"
"7662","이중 우선순위 큐","7662_set_map.cpp","7662.cpp","03_DATA_STRUCTURE/set_map","filename:multiset","data_structures;set;priority_queue;tree_set","7662_multiset.cpp"
"7983","내일 할거야","7983_greedy.cpp","7983.cpp","09_PARADIGM/greedy","filename:greedy","greedy;sorting","7983_greedy.cpp"
"9035","Detective Conan","9035_implementation.cpp","9035.cpp","10_IMPLEMENTATION/implementation","code-audit:9035.cpp","","9035.cpp"
"9184","신나는 함수 실행","9184_dp.cpp","9184.cpp","01_DP/dp","filename:dp","dp;recursion","9184_dp.cpp"
"9251","LCS","9251_lcs.cpp","9251.cpp","01_DP/lcs","filename:lcs","dp;string;lcs","9251_LCS.cpp"
"9252","LCS 2","9252_lcs.cpp","9252.cpp","01_DP/lcs","filename:lcs","dp;string;traceback;lcs","9252_LCS.cpp"
"9252","LCS 2","9252_lcs_variant2.cpp","9252_variant2.cpp","01_DP/lcs","filename:lcs3","dp;string;traceback;lcs","9252_LCS3.cpp"
"9342","염색체","9342_regex.cpp","9342.cpp","06_STRING/regex","filename:regex","string;regex","9342_regex.cpp"
"9426","중앙값 측정","9426_segment_tree.cpp","9426.cpp","03_DATA_STRUCTURE/segment_tree","official:segment_tree","data_structures;segtree","9426.cpp"
"9465","스티커","9465_dp.cpp","9465.cpp","01_DP/dp","filename:dp","dp","9465_dp.cpp"
"9610","사분면","9610_math.cpp","9610.cpp","07_MATH/math","official:math","math;implementation","9610.cpp"
"9613","GCD 합","9613_number_theory.cpp","9613.cpp","07_MATH/number_theory","official:euclidean","math;number_theory;euclidean","9613_math.cpp"
"9655","돌 게임","9655_dp.cpp","9655.cpp","01_DP/dp","official:dp","math;dp;game_theory;parity","9655.cpp"
"9656","돌 게임 2","9656_dp.cpp","9656.cpp","01_DP/dp","filename:dp","math;dp;game_theory;parity","9656_dp.cpp"
"9657","돌 게임 3","9657_dp.cpp","9657.cpp","01_DP/dp","filename:dp","dp;game_theory","9657_dp.cpp"
"9663","N-Queen","9663_backtracking.cpp","9663.cpp","05_SEARCH/backtracking","official:backtracking","bruteforcing;backtracking","9663.cpp"
"9913","Max","9913_implementation.cpp","9913.cpp","10_IMPLEMENTATION/implementation","official:implementation","implementation","9913.cpp"
"9934","완전 이진 트리","9934_recursion.cpp","9934.cpp","09_PARADIGM/recursion","official:recursion","trees;recursion","9934.cpp"
"10026","적록색약","10026_dfs.cpp","10026.cpp","02_GRAPH/dfs","filename:dfs","graphs;graph_traversal;bfs;dfs;grid_graph","10026_dfs_.cpp"
"10102","개표","10102_string.cpp","10102.cpp","06_STRING/string","official:string","string","10102.cpp"
"10180","Ship Selection","10180_math.cpp","10180.cpp","07_MATH/math","official:arithmetic","math;arithmetic","10180.cpp"
"10181","Federation Favorites","10181_number_theory.cpp","10181.cpp","07_MATH/number_theory","official:number_theory","math;implementation;number_theory","10181.cpp"
"10214","Baseball","10214_implementation.cpp","10214.cpp","10_IMPLEMENTATION/implementation","official:implementation","implementation","10214.cpp"
"10255","교차점","10255_line_intersection.cpp","10255.cpp","04_GEOMETRY/line_intersection","filename:ccw4","geometry;case_work;line_intersection","10255_ccw4.cpp"
"10480","Oddities","10480_math.cpp","10480.cpp","07_MATH/math","official:arithmetic","math;implementation;arithmetic","10480.cpp"
"10545","뚜기뚜기메뚜기","10545_string.cpp","10545.cpp","06_STRING/string","official:string","implementation;string","10545.cpp"
"10723","판게아 1","10723_mst.cpp","10723.cpp","02_GRAPH/mst","official:mst (DSU is subordinate)","graphs;mst","10723.cpp"
"10773","제로","10773_stack.cpp","10773.cpp","03_DATA_STRUCTURE/stack","official:stack","implementation;data_structures;stack","10773.cpp"
"10797","10부제","10797_implementation.cpp","10797.cpp","10_IMPLEMENTATION/implementation","official:implementation","implementation","10797.cpp"
"10808","알파벳 개수","10808_string.cpp","10808.cpp","06_STRING/string","official:string","implementation;string","10808.cpp"
"10811","바구니 뒤집기","10811_simulation.cpp","10811.cpp","10_IMPLEMENTATION/simulation","official:simulation","implementation;simulation","10811.cpp"
"10813","공 바꾸기","10813_simulation.cpp","10813.cpp","10_IMPLEMENTATION/simulation","official:simulation","implementation;simulation","10813.cpp"
"10815","숫자 카드","10815_binary_search.cpp","10815.cpp","05_SEARCH/binary_search","filename:binary_search","data_structures;sorting;binary_search;set;hash_set","10815_binary_search.cpp"
"10816","숫자 카드 2","10816_set_map.cpp","10816.cpp","03_DATA_STRUCTURE/set_map","official:hash_set","data_structures;sorting;binary_search;set;hash_set","10816.cpp"
"10818","최소, 최대","10818_math.cpp","10818.cpp","07_MATH/math","official:math","math;implementation","10818.cpp"
"10820","문자열 분석","10820_string.cpp","10820.cpp","06_STRING/string","official:string","implementation;string","10820.cpp"
"10821","정수의 개수","10821_string.cpp","10821.cpp","06_STRING/string","official:parsing","string;parsing","10821.cpp"
"10824","네 수","10824_string.cpp","10824.cpp","06_STRING/string","official:string","math;implementation;string;arithmetic","10824.cpp"
"10826","피보나치 수 4","10826_big_integer.cpp","10826.cpp","07_MATH/big_integer","filename:bignumber","dp;arbitrary_precision","10826_bignumber.cpp"
"10830","행렬 제곱","10830_divide_and_conquer.cpp","10830.cpp","09_PARADIGM/divide_and_conquer","official:divide_and_conquer","math;divide_and_conquer;exponentiation_by_squaring;linear_algebra","10830.cpp"
"10844","쉬운 계단 수","10844_dp.cpp","10844.cpp","01_DP/dp","filename:dp","dp","10844_dp.cpp"
"10868","최솟값","10868_segment_tree.cpp","10868.cpp","03_DATA_STRUCTURE/segment_tree","filename:seg","segtree;sparse_table;data_structures","10868_seg.cpp"
"10883","분할","10883_set_map.cpp","10883.cpp","03_DATA_STRUCTURE/set_map","official:hash_set","data_structures;graphs;graph_traversal;bfs;hash_set","10883.cpp"
"10886","0 = not cute / 1 = cute","10886_math.cpp","10886.cpp","07_MATH/math","official:arithmetic","math;implementation;arithmetic","10886.cpp"
"10903","Wall construction","10903_convex_hull.cpp","10903.cpp","04_GEOMETRY/convex_hull","filename:convex","geometry;convex_hull","10903_convex.cpp"
"10951","A+B - 4","10951_math.cpp","10951.cpp","07_MATH/math","official:arithmetic","implementation;arithmetic;math","10951.cpp"
"10987","모음의 개수","10987_string.cpp","10987.cpp","06_STRING/string","official:string","implementation;string","10987.cpp"
"10990","별 찍기 - 15","10990_implementation.cpp","10990.cpp","10_IMPLEMENTATION/implementation","official:implementation","implementation","10990.cpp"
"10991","별 찍기 - 16","10991_implementation.cpp","10991.cpp","10_IMPLEMENTATION/implementation","official:implementation","implementation","10991.cpp"
"10992","별 찍기 - 17","10992_implementation.cpp","10992.cpp","10_IMPLEMENTATION/implementation","official:implementation","implementation","10992_star.cpp"
"10995","별 찍기 - 20","10995_implementation.cpp","10995.cpp","10_IMPLEMENTATION/implementation","official:implementation","implementation","10995.cpp"
"10996","별 찍기 - 21","10996_implementation.cpp","10996.cpp","10_IMPLEMENTATION/implementation","official:implementation","implementation","10996.cpp"
"10999","구간 합 구하기 2","10999_segment_tree.cpp","10999.cpp","03_DATA_STRUCTURE/segment_tree","filename:lazy_segtree","segtree;lazyprop;data_structures","10999_lazy_segtree.cpp"
"11000","강의실 배정","11000_priority_queue.cpp","11000.cpp","03_DATA_STRUCTURE/priority_queue","official:priority_queue","data_structures;greedy;sorting;priority_queue","11000.cpp"
"11003","최솟값 찾기","11003_deque.cpp","11003.cpp","03_DATA_STRUCTURE/deque","filename:deque","data_structures;priority_queue;deque;deque_trick","11003_deque.cpp"
"11012","Egg","11012_persistent_segment_tree.cpp","11012.cpp","03_DATA_STRUCTURE/persistent_segment_tree","filename:pst","data_structures;segtree;sweeping;offline_queries;pst","11012_pst.cpp"
"11021","A+B - 7","11021_math.cpp","11021.cpp","07_MATH/math","official:arithmetic","implementation;arithmetic;math","11021.cpp"
"11048","이동하기","11048_dp.cpp","11048.cpp","01_DP/dp","filename:dp","dp","11048_dp.cpp"
"11050","이항 계수 1","11050_combinatorics.cpp","11050.cpp","07_MATH/combinatorics","official:combinatorics","math;implementation;combinatorics","11050.cpp"
"11051","이항 계수 2","11051_dp.cpp","11051.cpp","01_DP/dp","filename:dp","math;dp;combinatorics","11051_dp.cpp"
"11052","카드 구매하기","11052_dp.cpp","11052.cpp","01_DP/dp","filename:dp","dp","_11052_dp.cpp"
"11054","가장 긴 바이토닉 부분 수열","11054_dp.cpp","11054.cpp","01_DP/dp","code+official:dp","dp","11054.cpp"
"11057","오르막 수","11057_dp.cpp","11057.cpp","01_DP/dp","filename:dp","dp","11057_dp.cpp"
"11060","점프 점프","11060_dp.cpp","11060.cpp","01_DP/dp","filename:dp","dp;graphs;graph_traversal;bfs","11060_dp.cpp"
"11062","카드 게임","11062_dp.cpp","11062.cpp","01_DP/dp","official:dp","dp;game_theory","11062.cpp"
"11179","2진수 뒤집기","11179_bitmask.cpp","11179.cpp","08_TECHNIQUE/bitmask","filename:bit_binary","math;implementation;string","11179_bit_binary.cpp"
"11266","단절점","11266_articulation_point.cpp","11266.cpp","02_GRAPH/articulation_point","filename:articulation_point","graphs;graph_traversal;dfs;articulation","11266_articulation_point.cpp"
"11279","최대 힙","11279_priority_queue.cpp","11279.cpp","03_DATA_STRUCTURE/priority_queue","official:priority_queue","data_structures;priority_queue","11279.cpp"
"11280","2-SAT - 3","11280_two_sat.cpp","11280.cpp","02_GRAPH/two_sat","filename:2sat","graphs;scc;2_sat","기여11280_2sat.cpp"
"11281","2-SAT - 4","11281_two_sat.cpp","11281.cpp","02_GRAPH/two_sat","filename:2sat_print","graphs;traceback;scc;2_sat","11281_2sat_print.cpp"
"11282","한글","11282_string.cpp","11282.cpp","06_STRING/string","filename:utf","implementation","11282_UTF.cpp"
"11283","한글 2","11283_string.cpp","11283.cpp","06_STRING/string","official:string","implementation;string","11283.cpp"
"11286","절댓값 힙","11286_priority_queue.cpp","11286.cpp","03_DATA_STRUCTURE/priority_queue","official:priority_queue","data_structures;priority_queue","11286.cpp"
"11399","ATM","11399_greedy.cpp","11399.cpp","09_PARADIGM/greedy","official:greedy","greedy;sorting","11399.cpp"
"11437","LCA","11437_lca.cpp","11437.cpp","02_GRAPH/lca","filename:lca_mini","graphs;trees;lca","11437_lca_mini.cpp"
"11444","피보나치 수 6","11444_fast_exponentiation.cpp","11444.cpp","07_MATH/fast_exponentiation","filename:fibo_nlogn","math;exponentiation_by_squaring","11444_fibo_NlogN.cpp"
"11478","서로 다른 부분 문자열의 개수","11478_set_map.cpp","11478.cpp","03_DATA_STRUCTURE/set_map","filename:set","data_structures;string;set;hash_set;tree_set","11478_set.cpp"
"11501","주식","11501_greedy.cpp","11501.cpp","09_PARADIGM/greedy","official:greedy","greedy","11501.cpp"
"11505","구간 곱 구하기","11505_segment_tree.cpp","11505.cpp","03_DATA_STRUCTURE/segment_tree","filename:segtree","segtree;data_structures","11505_segtree.cpp"
"11549","Identifying tea","11549_implementation.cpp","11549.cpp","10_IMPLEMENTATION/implementation","official:implementation","implementation","11549.cpp"
"11558","The Game of Death","11558_graph_traversal.cpp","11558.cpp","02_GRAPH/graph_traversal","official:graph_traversal","implementation;graphs;graph_traversal;simulation","11558.cpp"
"11564","점프왕 최준민","11564_number_theory.cpp","11564.cpp","07_MATH/number_theory","official:number_theory","math;number_theory;case_work","11564.cpp"
"11568","민균이의 계략","11568_lis.cpp","11568.cpp","01_DP/lis","filename:linear_nlogn_lis","dp;lis","11568_linear_NlogN_LIS.cpp"
"11571","분수를 소수로","11571_math.cpp","11571.cpp","07_MATH/math","official:arithmetic","math;implementation;arithmetic","11571.cpp"
"11651","좌표 정렬하기 2","11651_sorting.cpp","11651.cpp","08_TECHNIQUE/sorting","official:sorting","sorting","11651.cpp"
"11659","구간 합 구하기 4","11659_segment_tree.cpp","11659.cpp","03_DATA_STRUCTURE/segment_tree","filename:default_segtree","prefix_sum","11659_default_Segtree.cpp"
"11660","구간 합 구하기 5","11660_prefix_sum.cpp","11660.cpp","08_TECHNIQUE/prefix_sum","code-audit:11660_gold_seg.cpp","dp;prefix_sum","11660_gold_seg.cpp"
"11723","집합","11723_bitmask.cpp","11723.cpp","08_TECHNIQUE/bitmask","filename:bit_default","implementation;set;bitmask","11723_bit_default.cpp"
"11724","연결 요소의 개수","11724_bfs.cpp","11724.cpp","02_GRAPH/bfs","filename:bfs","graphs;graph_traversal;bfs;dfs","11724_bfs.cpp"
"11726","2×n 타일링","11726_dp.cpp","11726.cpp","01_DP/dp","code+official:dp","dp","11726.cpp"
"11728","배열 합치기","11728_sorting.cpp","11728.cpp","08_TECHNIQUE/sorting","code-audit:11728_vector.cpp","sorting;two_pointer","11728_vector.cpp"
"11758","CCW","11758_geometry.cpp","11758.cpp","04_GEOMETRY/geometry","filename:ccw","geometry","11758_ccw.cpp"
"11852","Round words","11852_bitset_lcs.cpp","11852.cpp","01_DP/lcs","code-audit:11852_bitset_lcs.cpp","dp;string;bitset;lcs;bitset_lcs","11852_bitset_lcs.cpp"
"11852","Round words","11852_bitset_lcs.cpp","11852.cpp","03_DATA_STRUCTURE/bitset","code-audit:11852_bitset_lcs.cpp","dp;string;bitset;lcs;bitset_lcs","11852_bitset_lcs.cpp"
"11866","요세푸스 문제 0","11866_queue.cpp","11866.cpp","03_DATA_STRUCTURE/queue","official:queue","implementation;data_structures;queue","11866.cpp"
"11922","BELA","11922_implementation.cpp","11922.cpp","10_IMPLEMENTATION/implementation","official:implementation","implementation","11922.cpp"
"11948","과목선택","11948_math.cpp","11948.cpp","07_MATH/math","official:arithmetic","math;implementation;arithmetic","11948.cpp"
"12015","가장 긴 증가하는 부분 수열 2","12015_lis.cpp","12015.cpp","01_DP/lis","filename:=nlogn_lis","binary_search;lis","12015_!=NlogN_lis.cpp"
"12779","상품 is 뭔들","12779_binary_search.cpp","12779.cpp","05_SEARCH/binary_search","official:parametric_search","math;number_theory;parametric_search;euclidean","12779.cpp"
"12782","비트 우정지수","12782_greedy.cpp","12782.cpp","09_PARADIGM/greedy","official:greedy","greedy","12782.cpp"
"12837","가계부 (Hard)","12837_segment_tree.cpp","12837.cpp","03_DATA_STRUCTURE/segment_tree","filename:segtree","segtree;data_structures","12837_segtree.cpp"
"12844","XOR","12844_segment_tree.cpp","12844.cpp","03_DATA_STRUCTURE/segment_tree","filename:lazy","data_structures;segtree;lazyprop","12844_lazy.cpp"
"12852","1로 만들기 2","12852_dp.cpp","12852.cpp","01_DP/dp","filename:dp","dp;graphs;graph_traversal;traceback","12852_dp.cpp"
"12858","Range GCD","12858_segment_tree.cpp","12858.cpp","03_DATA_STRUCTURE/segment_tree","filename:lazy_prefixarray_seg","math;data_structures;number_theory;segtree;lazyprop;euclidean;difference_array","12858_lazy_prefixarray_seg.cpp"
"12865","평범한 배낭","12865_knapsack.cpp","12865.cpp","01_DP/knapsack","filename:kanpsack","dp;knapsack","12865_kanpsack.cpp"
"12933","오리","12933_greedy.cpp","12933.cpp","09_PARADIGM/greedy","official:greedy","implementation;greedy;string","12933.cpp"
"13023","ABCDE","13023_dfs.cpp","13023.cpp","02_GRAPH/dfs","code+official:dfs","graphs;graph_traversal;dfs;backtracking","13023.cpp"
"13164","행복 유치원","13164_greedy.cpp","13164.cpp","09_PARADIGM/greedy","official:greedy","greedy;sorting","13164.cpp"
"13224","Chop Cup","13224_string.cpp","13224.cpp","06_STRING/string","official:string","implementation;string;simulation","13224.cpp"
"13232","Domain clusters","13232_scc.cpp","13232.cpp","02_GRAPH/scc","filename:scc","graphs;scc","13232_SCC.cpp"
"13241","최소공배수","13241_number_theory.cpp","13241.cpp","07_MATH/number_theory","filename:gcd","math;number_theory;euclidean","13241_gcd.cpp"
"13268","셔틀런","13268_simulation.cpp","13268.cpp","10_IMPLEMENTATION/simulation","official:simulation","implementation;simulation;case_work","13268.cpp"
"13334","철로","13334_sweeping.cpp","13334.cpp","08_TECHNIQUE/sweeping","official:sweeping","data_structures;sorting;sweeping;priority_queue","13334.cpp"
"13410","거꾸로 구구단","13410_bruteforce.cpp","13410.cpp","05_SEARCH/bruteforce","official:bruteforcing","math;bruteforcing","13410.cpp"
"13417","카드 문자열","13417_deque.cpp","13417.cpp","03_DATA_STRUCTURE/deque","official:deque","data_structures;greedy;string;deque","13417.cpp"
"13422","도둑","13422_two_pointer.cpp","13422.cpp","05_SEARCH/two_pointer","official:sliding_window","prefix_sum;two_pointer;sliding_window","13422.cpp"
"13458","시험 감독","13458_math.cpp","13458.cpp","07_MATH/math","official:arithmetic","math;arithmetic","13458.cpp"
"13504","XOR 합","13504_trie.cpp","13504.cpp","03_DATA_STRUCTURE/trie","filename:xortrie","data_structures;trees;prefix_sum;trie","13504_XORtrie.cpp"
"13505","두 수 XOR","13505_trie.cpp","13505.cpp","03_DATA_STRUCTURE/trie","filename:xortrie","data_structures;trees;trie","13505_XORtrie.cpp"
"13537","수열과 쿼리 1","13537_merge_sort_tree.cpp","13537.cpp","03_DATA_STRUCTURE/merge_sort_tree","filename:mergeseg","data_structures;sorting;segtree;merge_sort_tree","13537_mergeseg.cpp"
"13538","XOR 쿼리","13538_persistent_segment_tree.cpp","13538.cpp","03_DATA_STRUCTURE/persistent_segment_tree","filename:pst","data_structures;segtree;pst","13538_pst.cpp"
"13544","수열과 쿼리 3","13544_merge_sort_tree.cpp","13544.cpp","03_DATA_STRUCTURE/merge_sort_tree","filename:mergeseg","data_structures;sorting;segtree;merge_sort_tree","13544_mergeseg.cpp"
"13546","수열과 쿼리 4","13546_mo.cpp","13546.cpp","03_DATA_STRUCTURE/mo","filename:mo","offline_queries;sqrt_decomposition;mo","13546_MO.cpp"
"13549","숨바꼭질 3","13549_zero_one_bfs.cpp","13549.cpp","02_GRAPH/zero_one_bfs","filename:01bfs","graphs;graph_traversal;bfs;shortest_path;dijkstra;0_1_bfs","13549_01bfs.cpp"
"13554","수열과 쿼리 9","13554_segment_tree.cpp","13554.cpp","03_DATA_STRUCTURE/segment_tree","official:segment_tree","data_structures;segtree;offline_queries;sqrt_decomposition;mo","13554.cpp"
"13557","수열과 쿼리 10","13557_segment_tree.cpp","13557.cpp","03_DATA_STRUCTURE/segment_tree","filename:subarray_seg","data_structures;segtree;maximum_subarray","13557_subarray_seg.cpp"
"13565","침투","13565_bfs.cpp","13565.cpp","02_GRAPH/bfs","filename:bfs","graphs;graph_traversal;bfs;dfs;grid_graph","13565_bfs.cpp"
"13597","Tri-du","13597_implementation.cpp","13597.cpp","10_IMPLEMENTATION/implementation","official:implementation","implementation","13597.cpp"
"13623","Zero or One","13623_implementation.cpp","13623.cpp","10_IMPLEMENTATION/implementation","official:implementation","implementation","13623.cpp"
"13699","점화식","13699_dp.cpp","13699.cpp","01_DP/dp","code+official:dp","dp","13699.cpp"
"13701","중복 제거","13701_bitset.cpp","13701.cpp","03_DATA_STRUCTURE/bitset","filename:bitset","bitmask;bitset","13701_bitset.cpp"
"13707","합분해 2","13707_dp.cpp","13707.cpp","01_DP/dp","code+official:dp","math;dp;combinatorics","13707.cpp"
"13711","LCS 4","13711_lis.cpp","13711.cpp","01_DP/lis","filename:lis","lis;lcs","13711_LIS.cpp"
"13866","팀 나누기","13866_math.cpp","13866.cpp","07_MATH/math","official:arithmetic","math;implementation;arithmetic","13866.cpp"
"13907","세금","13907_dijkstra_dp.cpp","13907.cpp","01_DP/dp","filename:dijk_dp","dp;graphs;shortest_path;dijkstra","13907_dijk_dp.cpp"
"13907","세금","13907_dijkstra_dp.cpp","13907.cpp","02_GRAPH/dijkstra","filename:dijk_dp","dp;graphs;shortest_path;dijkstra","13907_dijk_dp.cpp"
"13985","Equality","13985_string.cpp","13985.cpp","06_STRING/string","official:string","math;string;arithmetic","13985.cpp"
"14003","가장 긴 증가하는 부분 수열 5","14003_lis.cpp","14003.cpp","01_DP/lis","filename:lis","binary_search;traceback;lis","14003_LIS.cpp"
"14215","세 막대","14215_geometry.cpp","14215.cpp","04_GEOMETRY/geometry","official:geometry","math;implementation;geometry","14215.cpp"
"14405","피카츄","14405_string.cpp","14405.cpp","06_STRING/string","official:string","string","14405.cpp"
"14427","수열과 쿼리 15","14427_segment_tree.cpp","14427.cpp","03_DATA_STRUCTURE/segment_tree","filename:seg","data_structures;segtree;priority_queue","14427_seg.cpp"
"14428","수열과 쿼리 16","14428_segment_tree.cpp","14428.cpp","03_DATA_STRUCTURE/segment_tree","filename:segtree","segtree;data_structures","14428_segtree.cpp"
"14438","수열과 쿼리 17","14438_segment_tree.cpp","14438.cpp","03_DATA_STRUCTURE/segment_tree","official:segment_tree","segtree;data_structures","14438.cpp"
"14464","소가 길을 건너간 이유 4","14464_priority_queue.cpp","14464.cpp","03_DATA_STRUCTURE/priority_queue","official:priority_queue","data_structures;greedy;sorting;priority_queue","14464.cpp"
"14470","전자레인지","14470_math.cpp","14470.cpp","07_MATH/math","official:arithmetic","math;implementation;arithmetic;simulation","14470.cpp"
"14489","치킨 두 마리 (...)","14489_math.cpp","14489.cpp","07_MATH/math","official:arithmetic","math;implementation;arithmetic","14489.cpp"
"14501","퇴사","14501_dp.cpp","14501.cpp","01_DP/dp","filename:dp","dp;bruteforcing","14501_dp.cpp"
"14503","로봇 청소기","14503_simulation.cpp","14503.cpp","10_IMPLEMENTATION/simulation","official:simulation","implementation;simulation","14503.cpp"
"14606","피자 (Small)","14606_dp.cpp","14606.cpp","01_DP/dp","filename:dp","math;dp","14606_dp.cpp"
"14607","피자 (Large)","14607_dp.cpp","14607.cpp","01_DP/dp","official:dp","math;dp","14607.cpp"
"14621","나만 안되는 연애","14621_mst.cpp","14621.cpp","02_GRAPH/mst","official:mst (DSU is subordinate)","graphs;mst","14621.cpp"
"14651","걷다보니 신천역 삼 (Large)","14651_dp.cpp","14651.cpp","01_DP/dp","filename:dp","math;dp;number_theory","14651_dp.cpp"
"14719","빗물","14719_simulation.cpp","14719.cpp","10_IMPLEMENTATION/simulation","official:simulation","implementation;simulation","14719.cpp"
"14782","Bedtime Reading, I","14782_bruteforce.cpp","14782.cpp","05_SEARCH/bruteforce","official:bruteforcing","math;bruteforcing;number_theory","14782.cpp"
"14852","타일 채우기 3","14852_dp.cpp","14852.cpp","01_DP/dp","filename:dp","dp","14852_dp.cpp"
"14890","경사로","14890_implementation.cpp","14890.cpp","10_IMPLEMENTATION/implementation","official:implementation","implementation","14890.cpp"
"14891","톱니바퀴","14891_simulation.cpp","14891.cpp","10_IMPLEMENTATION/simulation","official:simulation","implementation;simulation","14891.cpp"
"14898","서로 다른 수와 쿼리 2","14898_merge_sort_tree.cpp","14898.cpp","03_DATA_STRUCTURE/merge_sort_tree","filename:merge_seg","data_structures;sorting;segtree;pst;merge_sort_tree","14898.merge_seg.cpp"
"14899","수열과 쿼리 19","14899_segment_tree_beats.cpp","14899.cpp","03_DATA_STRUCTURE/segment_tree_beats","filename:beats","data_structures;segtree;lazyprop;beats","14899_beats.cpp"
"14916","거스름돈","14916_dp.cpp","14916.cpp","01_DP/dp","official:dp","math;dp;greedy","14916.cpp"
"14924","폰 노이만과 파리","14924_math.cpp","14924.cpp","07_MATH/math","official:arithmetic","math;arithmetic","14924.cpp"
"14940","쉬운 최단거리","14940_bfs.cpp","14940.cpp","02_GRAPH/bfs","filename:bfs","graphs;graph_traversal;bfs;grid_graph","14940_bfs.cpp"
"15059","Hard choice","15059_math.cpp","15059.cpp","07_MATH/math","official:arithmetic","math;implementation;arithmetic","15059.cpp"
"15232","Rectangles","15232_implementation.cpp","15232.cpp","10_IMPLEMENTATION/implementation","official:implementation","implementation","15232.cpp"
"15353","큰 수 A+B (2)","15353_big_integer.cpp","15353.cpp","07_MATH/big_integer","filename:bignumber","math;string;arithmetic;arbitrary_precision","15353_bignumber.cpp"
"15561","구간 합 최대? 2","15561_segment_tree.cpp","15561.cpp","03_DATA_STRUCTURE/segment_tree","filename:goldseg_default","data_structures;segtree;maximum_subarray","15561_goldseg_default.cpp"
"15577","Prosjek","15577_priority_queue.cpp","15577.cpp","03_DATA_STRUCTURE/priority_queue","official:priority_queue","math;data_structures;greedy;sorting;priority_queue","15577.cpp"
"15610","Abbey Courtyard","15610_geometry.cpp","15610.cpp","04_GEOMETRY/geometry","official:geometry","math;geometry","15610.cpp"
"15630","Binary Game","아희15630예쁘다.txt","아희15630예쁘다.txt","10_IMPLEMENTATION/implementation","filename:예쁘다","implementation","아희15630예쁘다.txt"
"15652","N과 M (4)","15652_backtracking.cpp","15652.cpp","05_SEARCH/backtracking","filename:backtracking","backtracking","15652_backTracking.cpp"
"15654","N과 M (5)","15654_backtracking.cpp","15654.cpp","05_SEARCH/backtracking","filename:back_tracking","backtracking","15654_back_tracking.cpp"
"15657","N과 M (8)","15657_backtracking.cpp","15657.cpp","05_SEARCH/backtracking","filename:back_tracking","backtracking","15657_back_tracking.cpp"
"15663","N과 M (9)","15663_backtracking.cpp","15663.cpp","05_SEARCH/backtracking","filename:n_m","backtracking","15663_N_M.cpp"
"15666","N과 M (12)","15666_backtracking.cpp","15666.cpp","05_SEARCH/backtracking","official:backtracking","backtracking","15666.cpp"
"15685","드래곤 커브","15685_simulation.cpp","15685.cpp","10_IMPLEMENTATION/simulation","official:simulation","implementation;simulation","15685.cpp"
"15700","타일 채우기 4","15700_math.cpp","15700.cpp","07_MATH/math","official:arithmetic","math;arithmetic","15700.cpp"
"15727","조별과제를 하려는데 조장이 사라졌다","15727_math.cpp","15727.cpp","07_MATH/math","official:arithmetic","math;arithmetic","15727.cpp"
"15738","뒤집기","15738_math.cpp","15738.cpp","07_MATH/math","official:math","math;implementation","15738.cpp"
"15813","너의 이름은 몇 점이니?","15813_string.cpp","15813.cpp","06_STRING/string","official:string","implementation;string","15813.cpp"
"15814","야바위 대장","15814_string.cpp","15814.cpp","06_STRING/string","official:string","implementation;string","15814.cpp"
"15829","Hashing","15829_string.cpp","15829.cpp","06_STRING/string","official:hashing","implementation;string;hashing","15829.cpp"
"15873","공백 없는 A+B","15873_math.cpp","15873.cpp","07_MATH/math","official:arithmetic","math;arithmetic;case_work","15873.cpp"
"15886","내 선물을 받아줘 2","15886_string.cpp","15886.cpp","06_STRING/string","official:string","graphs;string","15886.cpp"
"15903","카드 합체 놀이","15903_priority_queue.cpp","15903.cpp","03_DATA_STRUCTURE/priority_queue","official:priority_queue","data_structures;greedy;priority_queue","15903.cpp"
"15922","아우으 우아으이야!!","15922_sweeping.cpp","15922.cpp","08_TECHNIQUE/sweeping","official:sweeping","sweeping","15922.cpp"
"15964","이상한 기호","15964_math.cpp","15964.cpp","07_MATH/math","official:arithmetic","arithmetic;math;implementation","15964.cpp"
"15988","1, 2, 3 더하기 3","15988_dp.cpp","15988.cpp","01_DP/dp","filename:dp","dp","15988_dp.cpp"
"15989","1, 2, 3 더하기 4","15989_dp.cpp","15989.cpp","01_DP/dp","filename:dp","dp","15989_dp.cpp"
"15990","1, 2, 3 더하기 5","15990_dp.cpp","15990.cpp","01_DP/dp","filename:dp","dp","15990_dp.cpp"
"16026","Cloud computing","16026_knapsack.cpp","16026.cpp","01_DP/knapsack","official:knapsack","dp;knapsack;sorting","16026.cpp"
"16112","5차 전직","16112_greedy.cpp","16112.cpp","09_PARADIGM/greedy","official:greedy","greedy;sorting","16112.cpp"
"16120","PPAP","16120_stack.cpp","16120.cpp","03_DATA_STRUCTURE/stack","filename:stack","data_structures;string;stack","16120_stack.cpp"
"16174","점프왕 쩰리 (Large)","16174_dfs.cpp","16174.cpp","02_GRAPH/dfs","filename:dfs","dp;graphs;graph_traversal;bfs;dfs","16174_Dfs.cpp"
"16199","나이 계산하기","16199_math.cpp","16199.cpp","07_MATH/math","official:arithmetic","math;implementation;arithmetic","16199.cpp"
"16212","정열적인 정렬","16212_sorting.cpp","16212.cpp","08_TECHNIQUE/sorting","official:sorting","sorting","16212.cpp"
"16232","없던 일처럼","16232_merge_sort_tree.cpp","16232.cpp","03_DATA_STRUCTURE/merge_sort_tree","code-audit:16232_merge_sort.cpp","data_structures;sorting;segtree;divide_and_conquer;merge_sort_tree","16232_merge_sort.cpp"
"16234","인구 이동","16234_bfs.cpp","16234.cpp","02_GRAPH/bfs","code+official:bfs","implementation;graphs;graph_traversal;simulation;bfs","16234.cpp"
"16236","아기 상어","16236_bfs.cpp","16236.cpp","02_GRAPH/bfs","code+official:bfs","implementation;graphs;graph_traversal;simulation;bfs","16236.cpp"
"16264","Array Study","16264_mo.cpp","16264.cpp","03_DATA_STRUCTURE/mo","filename:mo","prefix_sum;offline_queries;sqrt_decomposition;mo","16264_mo.cpp"
"16398","행성 연결","16398_mst.cpp","16398.cpp","02_GRAPH/mst","official:mst (DSU is subordinate)","graphs;mst","16398.cpp"
"16466","콘서트","16466_sorting.cpp","16466.cpp","08_TECHNIQUE/sorting","official:sorting","implementation;sorting","16466.cpp"
"16486","운동장 한 바퀴","16486_geometry.cpp","16486.cpp","04_GEOMETRY/geometry","official:geometry","math;geometry","16486.cpp"
"16565","N포커","16565_dp.cpp","16565.cpp","01_DP/dp","filename:dp","math;dp;combinatorics;inclusion_and_exclusion","16565_dp.cpp"
"16586","Linked List","16586_splay_tree.cpp","16586.cpp","03_DATA_STRUCTURE/splay_tree","filename:splay_tree","trees;splay_tree","16586_splay_tree.cpp"
"16903","수열과 쿼리 20","16903_trie.cpp","16903.cpp","03_DATA_STRUCTURE/trie","filename:xortrie","data_structures;trees;trie","16903_XORtrie.cpp"
"16924","십자가 찾기","16924_bruteforce.cpp","16924.cpp","05_SEARCH/bruteforce","official:bruteforcing","implementation;bruteforcing;simulation","16924.cpp"
"16931","겉넓이 구하기","16931_geometry.cpp","16931.cpp","04_GEOMETRY/geometry","official:geometry_3d","implementation;geometry;geometry_3d","16931.cpp"
"16933","벽 부수고 이동하기 3","16933_bfs.cpp","16933.cpp","02_GRAPH/bfs","filename:bfs","graphs;graph_traversal;bfs","!16933_bfs.cpp"
"16975","수열과 쿼리 21","16975_segment_tree.cpp","16975.cpp","03_DATA_STRUCTURE/segment_tree","filename:array_seg","data_structures;segtree;lazyprop;difference_array","16975_array_seg.cpp"
"16978","수열과 쿼리 22","16978_persistent_segment_tree.cpp","16978.cpp","03_DATA_STRUCTURE/persistent_segment_tree","filename:pst","data_structures;segtree;offline_queries","16978_pst.cpp"
"16993","연속합과 쿼리","16993_segment_tree.cpp","16993.cpp","03_DATA_STRUCTURE/segment_tree","filename:gold_seg","data_structures;segtree;maximum_subarray","16993_gold_seg.cpp"
"17135","캐슬 디펜스","17135_bfs.cpp","17135.cpp","02_GRAPH/bfs","code+official:bfs","implementation;graphs;bruteforcing;graph_traversal;simulation;bfs","17135.cpp"
"17142","연구소 3","17142_bfs.cpp","17142.cpp","02_GRAPH/bfs","code+official:bfs","graphs;bruteforcing;graph_traversal;bfs","17142.cpp"
"17161","편집 거리 (Hard)","17161_hirschberg.cpp","17161.cpp","01_DP/hirschberg","filename:hirshberg_levenshtein","dp;string;divide_and_conquer;hirschberg","17161_hirshberg_levenshtein.cpp"
"17202","핸드폰 번호 궁합","17202_string.cpp","17202.cpp","06_STRING/string","official:string","implementation;string;simulation","17202.cpp"
"17219","비밀번호 찾기","17219_set_map.cpp","17219.cpp","03_DATA_STRUCTURE/set_map","official:hash_set","data_structures;set;hash_set","17219.cpp"
"17274","카드 공장 (Large)","17274_merge_sort_tree.cpp","17274.cpp","03_DATA_STRUCTURE/merge_sort_tree","filename:merge_sort_tree","coordinate_compression;data_structures;merge_sort_tree;segtree;sorting","17274_merge_sort_tree.cpp"
"17281","⚾","17281_bruteforce.cpp","17281.cpp","05_SEARCH/bruteforce","official:bruteforcing","implementation;bruteforcing;simulation","17281.cpp"
"17297","Messi Gimossi","17297_dp.cpp","17297.cpp","01_DP/dp","filename:partition_dp","dp;divide_and_conquer;recursion","17297_partition_dp.cpp"
"17298","오큰수","17298_stack.cpp","17298.cpp","03_DATA_STRUCTURE/stack","official:stack","data_structures;stack","17298.cpp"
"17353","하늘에서 떨어지는 1, 2, ..., R-L+1개의 별","17353_segment_tree.cpp","17353.cpp","03_DATA_STRUCTURE/segment_tree","filename:array_lazt_seg","data_structures;segtree;lazyprop;difference_array","17353_array_lazt_seg.cpp"
"17356","욱 제","17356_math.cpp","17356.cpp","07_MATH/math","official:arithmetic","math;arithmetic","17356.cpp"
"17362","수학은 체육과목 입니다 2","17362_math.cpp","17362.cpp","07_MATH/math","official:arithmetic","math;arithmetic","17362.cpp"
"17386","선분 교차 1","17386_line_intersection.cpp","17386.cpp","04_GEOMETRY/line_intersection","code-audit:17386_ccw2.cpp","geometry;line_intersection","17386_ccw2.cpp"
"17387","선분 교차 2","17387_line_intersection.cpp","17387.cpp","04_GEOMETRY/line_intersection","code-audit:17387_ccw2.cpp","geometry;case_work;line_intersection","17387_ccw2.cpp"
"17388","와글와글 숭고한","17388_implementation.cpp","17388.cpp","10_IMPLEMENTATION/implementation","official:implementation","implementation","17388.cpp"
"17394","핑거 스냅","17394_bfs.cpp","17394.cpp","02_GRAPH/bfs","code+official:bfs","math;graphs;graph_traversal;number_theory;bfs;primality_test;sieve","17394.cpp"
"17404","RGB거리 2","17404_dp.cpp","17404.cpp","01_DP/dp","official:dp","dp","17404.cpp"
"17406","배열 돌리기 4","17406_backtracking.cpp","17406.cpp","05_SEARCH/backtracking","official:backtracking","implementation;bruteforcing;backtracking","17406.cpp"
"17413","단어 뒤집기 2","17413_string.cpp","17413.cpp","06_STRING/string","filename:string","implementation;data_structures;string;stack","17413_String.cpp"
"17470","배열 돌리기 5","17470_implementation.cpp","17470.cpp","10_IMPLEMENTATION/implementation","official:implementation","implementation","17470.cpp"
"17471","게리맨더링","17471_bfs.cpp","17471.cpp","02_GRAPH/bfs","code+official:bfs","math;graphs;bruteforcing;graph_traversal;combinatorics;bfs;bitmask;dfs","17471.cpp"
"17472","다리 만들기 2","17472_mst.cpp","17472.cpp","02_GRAPH/mst","official:mst (DSU is subordinate)","implementation;graphs;bruteforcing;graph_traversal;bfs;dfs;mst","17472.cpp"
"17473","수열과 쿼리 25","17473_segment_tree_beats.cpp","17473.cpp","03_DATA_STRUCTURE/segment_tree_beats","filename:beats","data_structures;segtree;lazyprop;beats","17473_beats.cpp"
"17474","수열과 쿼리 26","17474_segment_tree_beats.cpp","17474.cpp","03_DATA_STRUCTURE/segment_tree_beats","filename:beats","data_structures;segtree;lazyprop;beats","17474_beats.cpp"
"17475","수열과 쿼리 27","17475_segment_tree_beats.cpp","17475.cpp","03_DATA_STRUCTURE/segment_tree_beats","filename:historical_beats","data_structures;segtree;lazyprop;beats","17475_historical_beats.cpp"
"17476","수열과 쿼리 28","17476_segment_tree_beats.cpp","17476.cpp","03_DATA_STRUCTURE/segment_tree_beats","filename:beats","data_structures;segtree;lazyprop;beats","17476_beats.cpp"
"17477","수열과 쿼리 29","17477_segment_tree_beats.cpp","17477.cpp","03_DATA_STRUCTURE/segment_tree_beats","filename:beats","data_structures;segtree;lazyprop;beats","17477_beats.cpp"
"17478","재귀함수가 뭔가요?","17478_recursion.cpp","17478.cpp","09_PARADIGM/recursion","filename:recur","implementation;recursion","17478_recur.cpp"
"17487","타자 연습","17487_implementation.cpp","17487.cpp","10_IMPLEMENTATION/implementation","official:implementation","implementation","17487.cpp"
"17619","개구리 점프","17619_sweeping.cpp","17619.cpp","08_TECHNIQUE/sweeping","official:sweeping","data_structures;sorting;sweeping;disjoint_set","17619.cpp"
"17626","Four Squares","17626_dp.cpp","17626.cpp","01_DP/dp","code+official:dp","dp;bruteforcing","17626.cpp"
"17845","수강 과목","17845_knapsack.cpp","17845.cpp","01_DP/knapsack","filename:knapsack","dp;knapsack","17845_knapsack.cpp"
"17874","Piece of Cake!","17874_math.cpp","17874.cpp","07_MATH/math","official:arithmetic","math;arithmetic","17874.cpp"
"18111","마인크래프트","18111_bruteforce.cpp","18111.cpp","05_SEARCH/bruteforce","official:bruteforcing","implementation;bruteforcing","18111.cpp"
"18166","Evaluation","18166_greedy.cpp","18166.cpp","09_PARADIGM/greedy","filename:lamen_greedy","math;implementation;string;number_theory;parsing;discrete_sqrt","18166_lamen_greedy.cpp"
"18277","Bliski Brojevi","18277_mo.cpp","18277.cpp","03_DATA_STRUCTURE/mo","filename:mo","data_structures;segtree;set;offline_queries;mo","18277_MO.cpp"
"18411","試験 (Exam)","18411_math.cpp","18411.cpp","07_MATH/math","official:arithmetic","math;implementation;arithmetic","18411.cpp"
"18436","수열과 쿼리 37","18436_segment_tree.cpp","18436.cpp","03_DATA_STRUCTURE/segment_tree","filename:segtree","segtree;data_structures","18436_segtree.cpp"
"18438","LCS 5","18438_hirschberg.cpp","18438.cpp","01_DP/hirschberg","filename:hirschberg","dp;divide_and_conquer;traceback;lcs;hirschberg","18438_hirschberg.cpp"
"18439","LCS 6","18439_bitset_lcs.cpp","18439.cpp","01_DP/lcs","code-audit:18439_bitset.cpp","dp;string;bitset;lcs;bitset_lcs","18439_bitset.cpp"
"18439","LCS 6","18439_bitset_lcs.cpp","18439.cpp","03_DATA_STRUCTURE/bitset","code-audit:18439_bitset.cpp","dp;string;bitset;lcs;bitset_lcs","18439_bitset.cpp"
"18440","LCS 7","18440_bitset_hirschberg.cpp","18440.cpp","01_DP/hirschberg","code-audit:18440_bitsetlcs_hirshberg.cpp","dp;string;divide_and_conquer;bitset;lcs;bitset_lcs;hirschberg","18440_bitsetlcs_hirshberg.cpp"
"18440","LCS 7","18440_bitset_hirschberg.cpp","18440.cpp","03_DATA_STRUCTURE/bitset","code-audit:18440_bitsetlcs_hirshberg.cpp","dp;string;divide_and_conquer;bitset;lcs;bitset_lcs;hirschberg","18440_bitsetlcs_hirshberg.cpp"
"18512","점프 점프","18512_bruteforce.cpp","18512.cpp","05_SEARCH/bruteforce","official:bruteforcing","math;bruteforcing;number_theory","18512.cpp"
"18800","도로 공사","18800_mo.cpp","18800.cpp","03_DATA_STRUCTURE/mo","filename:mo","mo;offline_queries;prefix_sum","18800_mo.cpp"
"18870","좌표 압축","18870_coordinate_compression.cpp","18870.cpp","08_TECHNIQUE/coordinate_compression","official:coordinate_compression","sorting;coordinate_compression","18870.cpp"
"19277","ADD, DIV, MAX","19277_segment_tree_beats.cpp","19277.cpp","03_DATA_STRUCTURE/segment_tree_beats","filename:beats","data_structures;segtree;lazyprop;beats","19277_beats.cpp"
"19455","Bitwise Queries","19455_segment_tree_beats.cpp","19455.cpp","03_DATA_STRUCTURE/segment_tree_beats","filename:beats","data_structures;segtree;lazyprop;beats","19455_beats.cpp"
"19532","수학은 비대면강의입니다","19532_bruteforce.cpp","19532.cpp","05_SEARCH/bruteforce","official:bruteforcing","math;bruteforcing","19532.cpp"
"19589","카드 셔플","19589_splay_tree.cpp","19589.cpp","03_DATA_STRUCTURE/splay_tree","filename:splay","trees;splay_tree","19589_splay.cpp"
"19598","최소 회의실 개수","19598_sweeping.cpp","19598.cpp","08_TECHNIQUE/sweeping","official:sweeping","data_structures;greedy;sorting;sweeping;priority_queue","19598.cpp"
"19638","센티와 마법의 뿅망치","19638_priority_queue.cpp","19638.cpp","03_DATA_STRUCTURE/priority_queue","official:priority_queue","implementation;data_structures;priority_queue","19638.cpp"
"19651","수열과 쿼리 39","19651_segment_tree.cpp","19651.cpp","03_DATA_STRUCTURE/segment_tree","filename:subarray_seg","data_structures;segtree;lazyprop","19651_subarray_Seg.cpp"
"19939","박 터뜨리기","19939_greedy.cpp","19939.cpp","09_PARADIGM/greedy","official:greedy","math;greedy","19939.cpp"
"19941","햄버거 분배","19941_greedy.cpp","19941.cpp","09_PARADIGM/greedy","official:greedy","greedy","19941.cpp"
"19944","뉴비의 기준은 뭘까?","19944_implementation.cpp","19944.cpp","10_IMPLEMENTATION/implementation","official:implementation","implementation","19944.cpp"
"20149","선분 교차 3","20149_line_intersection.cpp","20149.cpp","04_GEOMETRY/line_intersection","filename:ccw3","geometry;case_work;line_intersection","20149_ccw3.cpp"
"20162","간식 파티","20162_dp.cpp","20162.cpp","01_DP/dp","code+official:dp","dp","20162.cpp"
"20215","Cutting Corners","20215_geometry.cpp","20215.cpp","04_GEOMETRY/geometry","official:geometry","math;geometry;pythagoras","20215.cpp"
"20352","Circus","20352_geometry.cpp","20352.cpp","04_GEOMETRY/geometry","official:geometry","math;geometry","20352.cpp"
"20364","부동산 다툼","20364_bitmask.cpp","20364.cpp","08_TECHNIQUE/bitmask","filename:bitmasking_tree","trees","20364_bitmasking_tree.cpp"
"20494","스시","20494_string.cpp","20494.cpp","06_STRING/string","official:string","implementation;string;ad_hoc","20494.cpp"
"20499","Darius님 한타 안 함?","20499_math.cpp","20499.cpp","07_MATH/math","official:arithmetic","math;arithmetic","20499.cpp"
"20500","Ezreal 여눈부터 가네 ㅈㅈ","20500_dp.cpp","20500.cpp","01_DP/dp","filename:dp","math;dp;number_theory","20500_dp.cpp"
"20944","팰린드롬 척화비","20944_string.cpp","20944.cpp","06_STRING/string","filename:string","string;ad_hoc","20944_string.cpp"
"20976","2 番目に大きい整数 (The Second Largest Integer)","20976_implementation.cpp","20976.cpp","10_IMPLEMENTATION/implementation","official:implementation","implementation","20976.cpp"
"20977","JOI ソート (JOI Sort)","20977_sorting.cpp","20977.cpp","08_TECHNIQUE/sorting","official:sorting","implementation;string;sorting","20977.cpp"
"21064","Even Intervals","21064_mo.cpp","21064.cpp","03_DATA_STRUCTURE/mo","filename:mo","coordinate_compression;data_structures;mo;offline_queries;segtree","21064_mo.cpp"
"21313","문어","21313_greedy.cpp","21313.cpp","09_PARADIGM/greedy","official:greedy","greedy;ad_hoc","21313.cpp"
"21317","징검다리 건너기","21317_dp.cpp","21317.cpp","01_DP/dp","filename:dp","dp","21317_DP.cpp"
"21318","피아노 체조","21318_prefix_sum.cpp","21318.cpp","08_TECHNIQUE/prefix_sum","filename:prefix_sum","prefix_sum","21318_prefix_sum.cpp"
"21610","마법사 상어와 비바라기","21610_simulation.cpp","21610.cpp","10_IMPLEMENTATION/simulation","official:simulation","implementation;simulation","21610.cpp"
"21924","도시 건설","21924_mst.cpp","21924.cpp","02_GRAPH/mst","official:mst (DSU is subordinate)","graphs;mst","21924.cpp"
"21955","Split","21955_string.cpp","21955.cpp","06_STRING/string","official:string","string","21955.cpp"
"22015","金平糖 (Konpeito)","22015_math.cpp","22015.cpp","07_MATH/math","official:arithmetic","math;implementation;arithmetic","22015.cpp"
"22114","창영이와 점프","22114_dp.cpp","22114.cpp","01_DP/dp","filename:dp","implementation;dp","22114_dp.cpp"
"22279","Quality-Adjusted Life-Year","22279_math.cpp","22279.cpp","07_MATH/math","official:arithmetic","math;arithmetic","22279.cpp"
"22971","증가하는 부분 수열의 개수","22971_dp.cpp","22971.cpp","01_DP/dp","code+official:dp","dp","22971.cpp"
"23034","조별과제 멈춰!","23034_mst.cpp","23034.cpp","02_GRAPH/mst","official:mst (DSU is subordinate)","graphs;graph_traversal;bfs;mst","23034.cpp"
"23705","CTAHKEB** ANDREW","23705_splay_tree.cpp","23705.cpp","03_DATA_STRUCTURE/splay_tree","filename:splay","data_structures;trees;maximum_subarray;splay_tree","23705_splay.cpp"
"23758","중앙값 제거","23758_greedy.cpp","23758.cpp","09_PARADIGM/greedy","official:greedy","math;greedy;sorting","23758.cpp"
"23795","사장님 도박은 재미로 하셔야 합니다","23795_math.cpp","23795.cpp","07_MATH/math","official:arithmetic","math;implementation;arithmetic","23795.cpp"
"23806","골뱅이 찍기 - ㅁ","23806_implementation.cpp","23806.cpp","10_IMPLEMENTATION/implementation","official:implementation","implementation","23806.cpp"
"23825","SASA 모형을 만들어보자","23825_math.cpp","23825.cpp","07_MATH/math","official:arithmetic","math;arithmetic","23825.cpp"
"24228","젓가락","24228_math.cpp","24228.cpp","07_MATH/math","official:math","math;pigeonhole_principle","24228.cpp"
"24266","알고리즘 수업 - 알고리즘의 수행 시간 5","24266_math.cpp","24266.cpp","07_MATH/math","official:math","math;implementation;simulation","24266.cpp"
"24389","2의 보수","24389_bitmask.cpp","24389.cpp","08_TECHNIQUE/bitmask","filename:bit","math;bitmask","24389_bit.cpp"
"24479","알고리즘 수업 - 깊이 우선 탐색 1","24479_dfs.cpp","24479.cpp","02_GRAPH/dfs","filename:dfs","graphs;graph_traversal;sorting;dfs","24479_dfs.cpp"
"24480","알고리즘 수업 - 깊이 우선 탐색 2","24480_dfs.cpp","24480.cpp","02_GRAPH/dfs","code+official:dfs","graphs;graph_traversal;sorting;dfs","24480.cpp"
"24578","Ultimate Binary Watch","24578_bitmask.cpp","24578.cpp","08_TECHNIQUE/bitmask","filename:bit","implementation;bitmask","24578_bit.cpp"
"24883","자동완성","24883_implementation.cpp","24883.cpp","10_IMPLEMENTATION/implementation","official:implementation","implementation","24883.cpp"
"25238","가희와 방어율 무시","25238_math.cpp","25238.cpp","07_MATH/math","official:arithmetic","math;arithmetic","25238.cpp"
"25314","코딩은 체육과목 입니다","25314_implementation.cpp","25314.cpp","10_IMPLEMENTATION/implementation","official:implementation","implementation","25314.cpp"
"25377","빵","25377_implementation.cpp","25377.cpp","10_IMPLEMENTATION/implementation","official:implementation","implementation","25377.cpp"
"25433","PLCS","25433_bitset_lcs.cpp","25433.cpp","01_DP/lcs","code-audit:25433_bitset_lcs.cpp","math;dp;string;number_theory;primality_test;bitset;lcs;bitset_lcs","25433_bitset_lcs.cpp"
"25433","PLCS","25433_bitset_lcs.cpp","25433.cpp","03_DATA_STRUCTURE/bitset","code-audit:25433_bitset_lcs.cpp","math;dp;string;number_theory;primality_test;bitset;lcs;bitset_lcs","25433_bitset_lcs.cpp"
"25494","단순한 문제 (Small)","25494_bruteforce.cpp","25494.cpp","05_SEARCH/bruteforce","official:bruteforcing","math;bruteforcing;arithmetic","25494.cpp"
"25600","Triathlon","25600_math.cpp","25600.cpp","07_MATH/math","official:arithmetic","math;implementation;arithmetic","25600.cpp"
"25625","샤틀버스","25625_math.cpp","25625.cpp","07_MATH/math","official:arithmetic","math;arithmetic","25625.cpp"
"25628","햄버거 만들기","25628_math.cpp","25628.cpp","07_MATH/math","official:arithmetic","math;arithmetic","25628.cpp"
"25640","MBTI","25640_string.cpp","25640.cpp","06_STRING/string","official:string","implementation;string","25640.cpp"
"25710","점수 계산","25710_bruteforce.cpp","25710.cpp","05_SEARCH/bruteforce","official:bruteforcing","bruteforcing;pigeonhole_principle","25710.cpp"
"25841","Digit Count","25841_implementation.cpp","25841.cpp","10_IMPLEMENTATION/implementation","official:implementation","implementation","25841.cpp"
"25956","목차 세기","25956_stack.cpp","25956.cpp","03_DATA_STRUCTURE/stack","filename:stack_basic","data_structures;stack","25956_stack_basic.cpp"
"26146","즉흥 여행 (Easy)","26146_scc.cpp","26146.cpp","02_GRAPH/scc","filename:scc","graphs;graph_traversal;dfs;scc","26146_SCC.cpp"
"26495","Big Number","26495_implementation.cpp","26495.cpp","10_IMPLEMENTATION/implementation","official:precomputation","implementation;precomputation","26495.cpp"
"26546","Reverse","26546_string.cpp","26546.cpp","06_STRING/string","official:string","implementation;string","26546.cpp"
"26561","Population","26561_math.cpp","26561.cpp","07_MATH/math","official:arithmetic","math;arithmetic","26561.cpp"
"26649","물정수열 2","26649_splay_tree.cpp","26649.cpp","03_DATA_STRUCTURE/splay_tree","filename:splay","trees;lis;splay_tree","26649_splay.cpp"
"26933","Receptet","26933_math.cpp","26933.cpp","07_MATH/math","official:arithmetic","math;arithmetic","26933.cpp"
"27110","특식 배부","27110_math.cpp","27110.cpp","07_MATH/math","official:arithmetic","math;arithmetic","27110.cpp"
"27279","조사전달","27279_greedy.cpp","27279.cpp","09_PARADIGM/greedy","official:greedy","greedy;sorting","27279.cpp"
"27294","몇개고?","27294_math.cpp","27294.cpp","07_MATH/math","official:math","math;implementation","27294.cpp"
"27322","한별이의 퍼펙트 수열과 쿼리 교실","27322_segment_tree_beats.cpp","27322.cpp","03_DATA_STRUCTURE/segment_tree_beats","filename:beats","data_structures;segtree;lazyprop;beats","27322_beats.cpp"
"27332","11 月 (November)","27332_math.cpp","27332.cpp","07_MATH/math","official:arithmetic","math;arithmetic","27332.cpp"
"27718","선분 교차 EX","27718_line_intersection.cpp","27718.cpp","04_GEOMETRY/line_intersection","filename:ccw4","geometry;case_work;line_intersection","27718_ccw4.cpp"
"27868","On My Way Dorm","27868_string.cpp","27868.cpp","06_STRING/string","official:string","string;ad_hoc","27868.cpp"
"27937","간단한 쿼리 문제","27937_mo.cpp","27937.cpp","03_DATA_STRUCTURE/mo","filename:mo","sweeping;offline_queries;sqrt_decomposition;mo","27937_mo.cpp"
"27959","초코바","27959_math.cpp","27959.cpp","07_MATH/math","official:arithmetic","math;arithmetic","27959.cpp"
"27960","사격 내기","27960_bitmask.cpp","27960.cpp","08_TECHNIQUE/bitmask","official:bitmask","math;bitmask","27960.cpp"
"28066","타노스는 요세푸스가 밉다","28066_deque.cpp","28066.cpp","03_DATA_STRUCTURE/deque","official:deque","implementation;data_structures;simulation;deque;queue","28066.cpp"
"28204","Classical Data Structure Problem","28204_splay_tree.cpp","28204.cpp","03_DATA_STRUCTURE/splay_tree","filename:splay","data_structures;segtree;splay_tree;trees","28204_splay.cpp"
"28224","Final Price","28224_math.cpp","28224.cpp","07_MATH/math","official:arithmetic","math;arithmetic","28224.cpp"
"28239","배고파(Easy)","28239_bitmask.cpp","28239.cpp","08_TECHNIQUE/bitmask","filename:bitmask","math;bruteforcing;bitmask","28239_bitmask.cpp"
"28292","개미 수열","28292_ad_hoc.cpp","28292.cpp","09_PARADIGM/ad_hoc","official:ad_hoc","implementation;ad_hoc","28292.cpp"
"28352","10!","28352_math.cpp","28352.cpp","07_MATH/math","official:arithmetic","math;implementation;arithmetic","28352.cpp"
"28490","Area","28490_math.cpp","28490.cpp","07_MATH/math","official:arithmetic","math;implementation;arithmetic","28490.cpp"
"28498","Curtains","28498_segment_tree_beats.cpp","28498.cpp","03_DATA_STRUCTURE/segment_tree_beats","filename:beats","data_structures;segtree;lazyprop;offline_queries;beats","28498_beats.cpp"
"29162","북극여우는 괄호를 뒤집어","29162_splay_tree.cpp","29162.cpp","03_DATA_STRUCTURE/splay_tree","filename:splay","trees;splay_tree","29162_splay.cpp"
"29340","Отряд","29340_string.cpp","29340.cpp","06_STRING/string","official:string","implementation;string","29340.cpp"
"29722","브실혜성","29722_math.cpp","29722.cpp","07_MATH/math","official:math","math;implementation","29722.cpp"
"29725","체스 초보 브실이","29725_implementation.cpp","29725.cpp","10_IMPLEMENTATION/implementation","official:implementation","implementation","29725.cpp"
"29823","Pakirobot Manhattanis","29823_string.cpp","29823.cpp","06_STRING/string","official:string","math;implementation;string","29823.cpp"
"30018","타슈","30018_greedy.cpp","30018.cpp","09_PARADIGM/greedy","official:greedy","math;greedy;arithmetic","30018.cpp"
"30189","경우의 수의 합","30189_bruteforce.cpp","30189.cpp","05_SEARCH/bruteforce","official:bruteforcing","math;bruteforcing","30189.cpp"
"30404","오리와 박수치는 춘배","30404_greedy.cpp","30404.cpp","09_PARADIGM/greedy","official:greedy","greedy","30404.cpp"
"30462","MEXchange","30462_greedy.cpp","30462.cpp","09_PARADIGM/greedy","official:greedy","greedy;ad_hoc;constructive","30462.cpp"
"30501","관공... 어찌하여 목만 오셨소...","30501_string.cpp","30501.cpp","06_STRING/string","official:string","implementation;string","30501.cpp"
"30773","Михаил наносит ответный удар","30773_hirschberg.cpp","30773.cpp","01_DP/hirschberg","filename:hirshberg","dp;string;divide_and_conquer;hirschberg","30773_hirshberg.cpp"
"30803","수도꼭지","30803_simulation.cpp","30803.cpp","10_IMPLEMENTATION/simulation","official:simulation","implementation;simulation","30803.cpp"
"30978","버스 기사 집합지","30978_segment_tree_beats.cpp","30978.cpp","03_DATA_STRUCTURE/segment_tree_beats","filename:beats","data_structures;segtree;bitmask;lazyprop;beats","30978_beats.cpp"
"31713","행운을 빌어요","31713_bruteforce.cpp","31713.cpp","05_SEARCH/bruteforce","official:bruteforcing","math;bruteforcing","31713.cpp"
"31832","팀명 정하기 2","31832_string.cpp","31832.cpp","06_STRING/string","official:string","implementation;string","31832.cpp"
"31836","피보나치 기념품","31836_math.cpp","31836.cpp","07_MATH/math","official:math","math;ad_hoc;constructive","31836.cpp"
"32392","히스토그램 직사각형으로 쪼개기","32392_dp.cpp","32392.cpp","01_DP/dp","filename:dp","dp;ad_hoc","32392_dp.cpp"
"32948","삼각형의 부분합","32948_prefix_sum.cpp","32948.cpp","08_TECHNIQUE/prefix_sum","official:prefix_sum","dp;prefix_sum","32948.cpp"
